datetime,temp_c,precip_mm,humidity_pct,wind_speed_mph,pressure_hpa,water_level_cm
2023-01-01 00:00:00,-3.1,0.0,71.1,11.0,1020.4,70.3
2023-01-01 06:00:00,-5.0,0.0,78.6,12.3,1026.8,70.2
2023-01-01 12:00:00,-2.6,0.2,70.0,15.0,1021.7,69.2
2023-01-01 18:00:00,0.0,0.0,60.7,12.8,1011.7,69.7
2023-01-02 00:00:00,-5.3,0.0,73.9,11.6,1018.5,68.9
2023-01-02 06:00:00,-5.3,0.0,61.9,14.9,1012.9,68.7
2023-01-02 12:00:00,0.1,0.0,64.0,9.6,1009.7,73.5
2023-01-02 18:00:00,-2.3,0.0,68.8,11.8,1015.8,70.8
2023-01-03 00:00:00,-6.1,0.0,70.6,15.0,1022.9,72.7
2023-01-03 06:00:00,-3.1,0.0,65.0,13.6,1019.4,69.3
2023-01-03 12:00:00,-6.1,0.0,68.6,10.6,1011.0,68.6
2023-01-03 18:00:00,-6.1,0.0,73.6,7.5,1015.6,69.0
2023-01-04 00:00:00,-4.0,0.0,74.3,12.9,1017.3,69.9
2023-01-04 06:00:00,-10.5,0.0,76.3,7.3,1009.6,70.6
2023-01-04 12:00:00,-9.9,0.0,79.5,11.4,1021.6,70.3
2023-01-04 18:00:00,-6.4,0.0,74.0,15.5,1016.9,69.4
2023-01-05 00:00:00,-7.8,0.9,70.6,13.8,1009.8,71.5
2023-01-05 06:00:00,-3.8,0.8,75.9,5.9,1009.5,72.1
2023-01-05 12:00:00,-7.5,0.0,72.3,12.6,1023.5,72.5
2023-01-05 18:00:00,-9.0,0.0,72.5,11.0,1016.1,73.4
2023-01-06 00:00:00,-0.4,0.0,70.9,8.2,1024.0,70.6
2023-01-06 06:00:00,-5.5,0.0,65.4,13.0,1025.9,72.8
2023-01-06 12:00:00,-4.6,0.0,64.9,10.5,1023.1,71.0
2023-01-06 18:00:00,-9.1,0.0,69.5,10.5,1015.3,68.5
2023-01-07 00:00:00,-6.5,0.0,70.7,12.4,1005.5,73.5
2023-01-07 06:00:00,-4.5,0.0,66.6,10.1,1019.6,74.2
2023-01-07 12:00:00,-8.3,0.0,72.1,12.3,1028.5,71.7
2023-01-07 18:00:00,-3.7,0.0,80.4,10.2,1017.8,70.9
2023-01-08 00:00:00,-6.7,0.0,61.3,10.4,1008.1,70.4
2023-01-08 06:00:00,-5.8,0.0,72.9,15.0,1014.6,70.1
2023-01-08 12:00:00,-6.7,0.0,69.7,15.3,1017.1,72.6
2023-01-08 18:00:00,0.7,0.0,72.3,6.9,1012.5,70.8
2023-01-09 00:00:00,-5.0,0.0,67.8,14.2,1005.2,73.4
2023-01-09 06:00:00,-8.1,0.0,69.3,16.2,1017.5,71.0
2023-01-09 12:00:00,-2.5,0.6,71.8,16.7,1013.2,70.8
2023-01-09 18:00:00,-8.6,0.0,68.5,13.6,1026.9,70.4
2023-01-10 00:00:00,-4.3,0.0,62.4,8.8,1018.5,70.1
2023-01-10 06:00:00,-10.8,0.0,68.8,13.9,1020.3,71.9
2023-01-10 12:00:00,-8.9,0.0,62.9,9.4,1017.4,69.2
2023-01-10 18:00:00,-4.4,0.0,73.3,11.0,1018.5,69.9
2023-01-11 00:00:00,-2.7,0.0,60.7,13.1,1009.7,73.1
2023-01-11 06:00:00,-4.5,0.5,76.2,9.6,1012.0,70.2
2023-01-11 12:00:00,-5.3,0.0,72.1,8.6,1023.4,72.7
2023-01-11 18:00:00,-5.9,0.0,72.2,13.4,1019.0,68.2
2023-01-12 00:00:00,-9.4,0.0,59.2,17.6,1016.0,73.5
2023-01-12 06:00:00,-7.1,0.0,68.4,15.7,1020.4,69.4
2023-01-12 12:00:00,-6.4,0.0,75.8,14.1,1020.5,70.0
2023-01-12 18:00:00,-1.8,0.0,67.4,14.9,1028.0,72.3
2023-01-13 00:00:00,-4.0,0.0,64.6,13.9,1018.8,71.7
2023-01-13 06:00:00,-10.3,0.0,66.8,13.3,1012.7,72.7
2023-01-13 12:00:00,-4.0,0.0,69.7,14.7,1017.4,69.4
2023-01-13 18:00:00,-6.1,0.0,65.7,7.9,1021.0,70.9
2023-01-14 00:00:00,-7.0,0.0,76.2,12.6,1023.0,70.5
2023-01-14 06:00:00,-3.2,0.0,69.7,11.8,1009.9,69.7
2023-01-14 12:00:00,-1.9,0.0,67.2,12.2,1019.3,72.3
2023-01-14 18:00:00,-2.2,0.0,63.5,10.6,1013.5,72.8
2023-01-15 00:00:00,-7.5,0.0,72.4,13.6,1015.2,71.0
2023-01-15 06:00:00,-5.9,0.0,72.3,9.5,1022.2,73.8
2023-01-15 12:00:00,-4.0,0.0,66.0,10.4,1021.7,70.3
2023-01-15 18:00:00,-2.1,0.0,58.8,10.0,1014.6,73.8
2023-01-16 00:00:00,-6.4,0.1,72.4,14.6,1017.0,72.6
2023-01-16 06:00:00,-5.6,0.0,69.1,12.0,1015.3,69.9
2023-01-16 12:00:00,-8.3,0.0,71.7,10.6,1032.5,74.7
2023-01-16 18:00:00,-8.6,0.0,79.8,10.9,1019.4,71.0
2023-01-17 00:00:00,-2.6,0.0,69.9,12.0,1013.8,73.6
2023-01-17 06:00:00,-0.9,0.0,67.4,16.9,1024.6,72.0
2023-01-17 12:00:00,-5.2,0.0,64.3,8.3,1024.8,72.3
2023-01-17 18:00:00,-2.0,0.0,68.4,14.0,1027.0,73.1
2023-01-18 00:00:00,-3.9,0.0,70.8,13.4,1028.4,73.1
2023-01-18 06:00:00,-6.9,0.0,70.3,9.4,1021.5,71.4
2023-01-18 12:00:00,-3.9,0.0,78.6,16.4,1016.3,72.7
2023-01-18 18:00:00,-0.4,0.0,72.5,13.6,1017.0,72.5
2023-01-19 00:00:00,-5.1,0.0,69.3,10.5,1016.5,72.3
2023-01-19 06:00:00,-0.3,0.0,66.5,6.4,1016.0,71.7
2023-01-19 12:00:00,-12.8,0.0,71.3,12.7,1024.2,72.3
2023-01-19 18:00:00,-2.5,0.0,65.5,11.9,1018.0,74.9
2023-01-20 00:00:00,-4.7,0.0,70.9,8.9,1022.9,71.7
2023-01-20 06:00:00,-5.8,0.0,72.4,8.9,1021.4,73.9
2023-01-20 12:00:00,-4.7,0.0,68.9,14.6,1012.5,71.2
2023-01-20 18:00:00,-10.9,0.0,66.8,6.1,1009.4,70.8
2023-01-21 00:00:00,-5.6,0.0,59.1,12.9,1011.8,77.2
2023-01-21 06:00:00,-3.8,0.0,75.7,11.4,1015.9,73.1
2023-01-21 12:00:00,-0.5,0.0,72.0,13.5,1018.7,73.1
2023-01-21 18:00:00,-6.5,0.0,72.1,11.1,1014.8,73.1
2023-01-22 00:00:00,-7.3,0.0,62.2,12.9,1021.5,74.5
2023-01-22 06:00:00,-6.4,0.0,76.9,9.8,1015.4,73.0
2023-01-22 12:00:00,-2.1,0.0,67.7,11.9,1019.3,73.6
2023-01-22 18:00:00,-3.9,0.0,68.6,13.5,1018.6,70.8
2023-01-23 00:00:00,-6.4,0.0,64.7,12.5,1026.7,74.0
2023-01-23 06:00:00,-3.3,0.0,61.1,13.1,1013.1,72.2
2023-01-23 12:00:00,-4.6,0.0,75.8,9.2,1029.0,73.5
2023-01-23 18:00:00,-2.0,0.0,76.4,10.2,1015.0,70.0
2023-01-24 00:00:00,-6.9,0.0,69.2,10.3,1011.3,73.6
2023-01-24 06:00:00,-5.8,0.8,68.2,11.2,1015.7,70.0
2023-01-24 12:00:00,-6.0,0.0,68.1,16.1,1034.2,72.8
2023-01-24 18:00:00,-9.2,0.0,68.3,10.9,1022.5,70.5
2023-01-25 00:00:00,-3.9,0.0,64.0,8.6,1021.0,74.0
2023-01-25 06:00:00,-4.0,0.0,68.5,13.6,1022.0,73.1
2023-01-25 12:00:00,-4.8,0.0,70.8,16.0,1014.2,71.8
2023-01-25 18:00:00,-5.5,0.0,75.1,8.2,1019.6,75.1
2023-01-26 00:00:00,-9.0,0.0,70.1,17.9,1018.0,71.7
2023-01-26 06:00:00,-6.0,0.0,62.1,13.2,1027.0,68.5
2023-01-26 12:00:00,-5.8,0.0,71.8,15.1,1017.5,73.8
2023-01-26 18:00:00,-7.1,0.0,68.7,16.4,1016.1,70.3
2023-01-27 00:00:00,-5.2,0.0,76.9,14.9,1012.1,71.9
2023-01-27 06:00:00,-3.5,0.0,77.1,11.7,1018.7,72.4
2023-01-27 12:00:00,1.0,0.0,77.3,15.7,1019.5,71.0
2023-01-27 18:00:00,-4.2,0.0,67.2,12.8,1012.0,72.4
2023-01-28 00:00:00,-3.9,0.0,79.9,15.3,1020.3,71.2
2023-01-28 06:00:00,-4.8,0.0,71.8,15.6,1019.2,73.5
2023-01-28 12:00:00,-10.4,0.0,78.1,8.7,1023.1,71.5
2023-01-28 18:00:00,-4.7,0.0,67.5,14.4,1024.1,73.3
2023-01-29 00:00:00,-4.4,0.0,68.5,11.5,1018.5,75.2
2023-01-29 06:00:00,2.8,0.0,71.4,12.4,1012.8,74.6
2023-01-29 12:00:00,-5.1,0.4,71.6,12.4,1013.2,73.7
2023-01-29 18:00:00,-3.7,0.0,76.4,12.3,1026.8,72.3
2023-01-30 00:00:00,-4.6,0.0,68.8,16.6,1018.8,74.1
2023-01-30 06:00:00,-8.0,0.0,75.8,7.9,1026.7,72.7
2023-01-30 12:00:00,-1.1,0.0,73.7,6.8,1020.5,74.0
2023-01-30 18:00:00,-2.2,0.0,68.9,6.2,1021.8,71.1
2023-01-31 00:00:00,-2.1,0.0,73.3,15.2,1022.7,75.1
2023-01-31 06:00:00,-7.2,0.0,67.6,9.7,1011.9,73.9
2023-01-31 12:00:00,-0.2,0.7,83.1,12.4,1018.6,77.7
2023-01-31 18:00:00,-8.6,0.0,56.7,11.7,1011.8,76.2
2023-02-01 00:00:00,-2.6,0.0,73.4,9.3,1016.6,75.1
2023-02-01 06:00:00,2.2,0.0,61.2,14.6,1021.2,74.0
2023-02-01 12:00:00,-7.3,0.3,69.5,11.6,1012.4,73.3
2023-02-01 18:00:00,-6.1,0.0,69.6,11.3,1020.8,75.7
2023-02-02 00:00:00,-4.0,0.0,77.5,12.7,1010.5,74.0
2023-02-02 06:00:00,-5.8,0.0,66.5,14.2,1023.7,76.0
2023-02-02 12:00:00,-8.9,0.0,76.5,9.1,1014.7,74.9
2023-02-02 18:00:00,-4.1,0.0,64.1,14.6,1012.9,74.8
2023-02-03 00:00:00,-7.4,0.0,76.7,16.3,1010.8,75.3
2023-02-03 06:00:00,-2.8,0.0,67.6,7.7,1015.1,73.0
2023-02-03 12:00:00,-7.0,0.0,70.4,12.8,1008.5,72.8
2023-02-03 18:00:00,0.4,0.0,68.3,11.1,1015.3,72.8
2023-02-04 00:00:00,-6.5,0.0,76.4,14.1,1023.5,76.1
2023-02-04 06:00:00,-5.1,0.0,75.4,8.4,1017.1,73.1
2023-02-04 12:00:00,-1.7,0.0,72.2,16.9,1012.1,73.3
2023-02-04 18:00:00,-7.8,0.0,64.2,7.2,1019.1,75.3
2023-02-05 00:00:00,-3.3,0.0,66.4,11.3,1018.7,74.3
2023-02-05 06:00:00,-0.1,0.0,64.9,13.3,1027.8,74.1
2023-02-05 12:00:00,-8.9,0.0,58.8,9.9,1022.0,74.0
2023-02-05 18:00:00,-3.5,0.0,76.3,9.5,1019.5,71.2
2023-02-06 00:00:00,-3.2,0.0,68.4,12.7,1022.5,73.4
2023-02-06 06:00:00,-1.6,0.0,68.3,12.2,1017.3,76.7
2023-02-06 12:00:00,-7.6,0.0,77.5,12.0,1017.6,74.1
2023-02-06 18:00:00,-7.9,0.0,67.6,14.6,1026.3,72.0
2023-02-07 00:00:00,-2.3,0.7,67.3,10.8,1008.7,74.2
2023-02-07 06:00:00,-2.9,0.0,68.9,13.0,1022.8,76.1
2023-02-07 12:00:00,-3.1,0.4,65.1,10.5,1016.9,76.2
2023-02-07 18:00:00,-2.8,0.0,71.7,9.5,1016.5,75.1
2023-02-08 00:00:00,-5.8,0.0,68.1,11.1,1015.2,74.6
2023-02-08 06:00:00,-3.0,0.0,67.5,10.5,1018.8,73.4
2023-02-08 12:00:00,-2.9,0.0,67.0,10.7,1017.8,76.0
2023-02-08 18:00:00,-5.9,0.0,69.5,15.5,1015.9,76.6
2023-02-09 00:00:00,2.0,0.0,70.4,11.2,1014.5,77.5
2023-02-09 06:00:00,-2.2,0.0,67.4,10.0,1008.5,73.9
2023-02-09 12:00:00,-7.2,0.0,68.2,12.1,1014.4,77.6
2023-02-09 18:00:00,-1.7,0.0,69.6,12.3,1015.4,75.4
2023-02-10 00:00:00,-6.4,0.4,70.0,8.4,1018.1,76.1
2023-02-10 06:00:00,-1.2,0.0,70.2,11.1,1027.8,77.3
2023-02-10 12:00:00,-0.0,0.0,66.6,11.0,1014.9,75.1
2023-02-10 18:00:00,-6.0,0.9,76.9,11.5,1011.5,73.4
2023-02-11 00:00:00,-0.5,0.0,70.5,14.2,1014.4,77.6
2023-02-11 06:00:00,-2.2,0.0,67.5,12.4,1018.8,76.9
2023-02-11 12:00:00,-0.9,0.0,71.7,15.7,1020.9,75.7
2023-02-11 18:00:00,2.3,0.0,69.6,12.0,1021.6,77.0
2023-02-12 00:00:00,-4.0,0.0,61.3,17.3,1022.1,77.5
2023-02-12 06:00:00,-5.6,0.0,71.7,10.6,1022.8,73.9
2023-02-12 12:00:00,-6.0,0.0,64.9,9.7,1016.6,76.2
2023-02-12 18:00:00,-5.7,0.0,74.7,13.6,1028.3,72.7
2023-02-13 00:00:00,-3.4,0.0,68.8,16.1,1016.2,76.1
2023-02-13 06:00:00,-2.1,0.0,73.9,7.9,1018.5,75.8
2023-02-13 12:00:00,-2.3,0.0,66.8,11.4,1024.5,77.0
2023-02-13 18:00:00,-0.7,0.0,70.3,10.2,1020.8,74.7
2023-02-14 00:00:00,-3.0,0.0,76.1,12.4,1006.8,75.9
2023-02-14 06:00:00,1.3,0.0,68.7,12.0,1018.0,71.7
2023-02-14 12:00:00,-3.8,0.0,67.1,16.0,1022.2,77.4
2023-02-14 18:00:00,5.1,0.0,73.3,11.7,1011.3,76.4
2023-02-15 00:00:00,-1.0,0.0,73.2,16.1,1021.8,76.9
2023-02-15 06:00:00,-5.5,0.0,67.3,11.1,1020.0,74.5
2023-02-15 12:00:00,-6.1,0.0,60.1,14.8,1023.9,77.3
2023-02-15 18:00:00,-1.5,0.0,66.9,12.7,1014.5,79.2
2023-02-16 00:00:00,-3.5,0.0,73.4,17.2,1023.0,76.7
2023-02-16 06:00:00,-0.6,0.0,66.1,7.6,1018.8,77.9
2023-02-16 12:00:00,-1.4,0.0,69.9,8.5,1026.8,75.6
2023-02-16 18:00:00,-3.0,0.0,66.7,17.5,1031.9,76.8
2023-02-17 00:00:00,-5.2,0.0,60.3,9.8,1025.7,74.9
2023-02-17 06:00:00,-7.2,0.0,66.6,10.0,1020.4,78.3
2023-02-17 12:00:00,-4.0,0.0,73.4,9.4,1029.6,77.4
2023-02-17 18:00:00,-0.1,0.0,58.1,15.4,1021.0,75.3
2023-02-18 00:00:00,-1.9,0.0,71.3,8.2,1013.5,76.2
2023-02-18 06:00:00,-6.2,0.0,64.1,12.1,1017.8,77.5
2023-02-18 12:00:00,-2.0,0.0,73.0,11.2,1021.8,78.8
2023-02-18 18:00:00,-1.3,0.0,73.6,15.1,1022.1,79.6
2023-02-19 00:00:00,-5.0,0.0,69.1,10.3,1012.4,77.4
2023-02-19 06:00:00,-1.9,0.0,69.2,13.2,1012.5,75.5
2023-02-19 12:00:00,-2.2,0.0,66.0,8.5,1016.3,78.0
2023-02-19 18:00:00,-5.8,0.0,63.3,18.8,1020.7,80.3
2023-02-20 00:00:00,-1.1,0.0,78.5,11.3,1021.3,75.4
2023-02-20 06:00:00,-0.5,0.0,65.7,12.0,1018.7,76.4
2023-02-20 12:00:00,1.0,0.0,77.8,17.0,1013.8,78.7
2023-02-20 18:00:00,1.0,0.0,65.7,10.2,1026.7,78.0
2023-02-21 00:00:00,-6.2,0.0,72.6,17.0,1012.6,77.2
2023-02-21 06:00:00,-4.9,0.0,64.3,10.8,1024.5,78.4
2023-02-21 12:00:00,-0.5,0.0,72.6,14.0,1021.7,79.5
2023-02-21 18:00:00,-0.5,0.0,68.4,10.3,1024.4,77.9
2023-02-22 00:00:00,-0.4,0.0,68.4,7.9,1015.8,78.0
2023-02-22 06:00:00,9.7,0.0,73.1,13.2,1017.3,79.2
2023-02-22 12:00:00,-0.2,0.0,67.7,13.9,1018.3,77.9
2023-02-22 18:00:00,1.5,0.0,62.9,8.1,1015.6,80.0
2023-02-23 00:00:00,1.1,0.0,73.8,11.1,1019.1,81.5
2023-02-23 06:00:00,0.2,0.0,64.3,15.6,1025.9,77.2
2023-02-23 12:00:00,-2.7,0.0,72.6,13.8,1011.5,76.6
2023-02-23 18:00:00,0.5,1.3,77.4,10.8,1012.8,80.2
2023-02-24 00:00:00,-3.9,0.0,68.1,10.2,1014.2,77.6
2023-02-24 06:00:00,-2.3,0.0,75.9,17.8,1017.5,77.4
2023-02-24 12:00:00,-3.0,0.0,72.4,7.7,1017.3,76.1
2023-02-24 18:00:00,-1.3,0.0,66.5,11.8,1021.9,78.4
2023-02-25 00:00:00,5.5,0.0,77.0,7.6,1018.2,79.1
2023-02-25 06:00:00,-7.0,0.0,64.3,15.9,1019.5,78.3
2023-02-25 12:00:00,0.6,0.0,68.1,12.0,1020.0,81.2
2023-02-25 18:00:00,-6.3,0.0,69.0,12.5,1019.2,81.0
2023-02-26 00:00:00,-2.7,0.0,73.0,20.3,1021.5,82.2
2023-02-26 06:00:00,2.0,0.0,75.6,10.2,1017.4,79.3
2023-02-26 12:00:00,-1.1,0.0,75.3,17.2,1026.2,81.0
2023-02-26 18:00:00,-4.5,0.5,72.1,10.8,1030.0,80.1
2023-02-27 00:00:00,-3.2,0.0,68.6,11.3,1021.5,80.1
2023-02-27 06:00:00,1.0,0.0,60.9,19.9,1019.1,79.0
2023-02-27 12:00:00,-3.3,0.0,63.4,11.5,1021.1,76.2
2023-02-27 18:00:00,-0.4,0.8,80.4,7.9,1011.3,81.2
2023-02-28 00:00:00,-0.8,0.0,60.8,12.8,1018.9,82.0
2023-02-28 06:00:00,-2.9,0.0,66.1,11.5,1014.3,77.8
2023-02-28 12:00:00,5.5,0.0,75.7,13.1,1020.5,80.0
2023-02-28 18:00:00,1.0,0.0,71.0,11.6,1014.4,81.4
2023-03-01 00:00:00,-6.8,0.0,74.6,14.6,1011.3,79.5
2023-03-01 06:00:00,-0.2,0.0,72.7,9.7,1003.6,81.8
2023-03-01 12:00:00,-2.7,0.0,77.3,4.8,1007.1,79.8
2023-03-01 18:00:00,1.8,0.0,71.5,8.4,1014.8,79.2
2023-03-02 00:00:00,-2.9,0.0,73.3,5.6,1008.7,82.1
2023-03-02 06:00:00,-0.9,0.0,66.4,7.3,1018.3,78.8
2023-03-02 12:00:00,1.0,0.0,72.9,5.3,1008.2,79.1
2023-03-02 18:00:00,2.1,0.0,68.0,14.3,1015.3,78.8
2023-03-03 00:00:00,-4.0,0.0,67.7,5.9,1009.2,78.7
2023-03-03 06:00:00,-1.4,0.0,74.5,10.1,1014.9,80.7
2023-03-03 12:00:00,-1.8,0.0,74.5,7.0,1005.3,79.7
2023-03-03 18:00:00,-2.3,0.0,78.4,4.5,1010.7,81.2
2023-03-04 00:00:00,5.1,0.2,78.6,8.6,1008.4,78.3
2023-03-04 06:00:00,1.1,0.0,74.6,9.2,1017.4,79.1
2023-03-04 12:00:00,-3.9,0.0,61.4,9.7,1015.3,80.8
2023-03-04 18:00:00,2.6,0.0,79.1,0.1,1006.8,82.9
2023-03-05 00:00:00,6.4,0.0,74.6,4.3,1012.0,81.5
2023-03-05 06:00:00,3.1,0.0,66.2,10.9,1009.1,80.1
2023-03-05 12:00:00,-4.5,0.0,73.6,5.2,1017.8,78.7
2023-03-05 18:00:00,-1.4,0.0,64.8,8.6,1019.4,80.0
2023-03-06 00:00:00,4.0,0.0,73.1,4.2,1005.8,81.1
2023-03-06 06:00:00,-1.9,0.0,63.4,10.2,1017.1,77.6
2023-03-06 12:00:00,1.6,0.0,66.0,10.8,1008.9,79.4
2023-03-06 18:00:00,2.5,0.0,73.5,10.2,1011.7,80.1
2023-03-07 00:00:00,-2.4,0.0,75.4,11.1,1013.2,81.0
2023-03-07 06:00:00,0.2,0.0,71.6,12.7,1022.1,81.3
2023-03-07 12:00:00,-9.3,0.0,68.6,4.5,1008.0,80.5
2023-03-07 18:00:00,-2.7,0.0,59.4,5.6,1017.2,82.2
2023-03-08 00:00:00,-0.1,0.2,69.3,10.7,1006.9,82.0
2023-03-08 06:00:00,-3.1,0.0,72.7,11.4,1006.8,81.2
2023-03-08 12:00:00,5.5,0.0,68.4,6.0,1013.1,82.7
2023-03-08 18:00:00,-3.7,0.0,69.9,5.8,1013.1,82.6
2023-03-09 00:00:00,-0.5,0.0,69.1,6.0,998.8,79.8
2023-03-09 06:00:00,1.2,0.0,68.4,3.2,1018.8,81.9
2023-03-09 12:00:00,5.1,0.0,70.4,4.2,1002.3,83.3
2023-03-09 18:00:00,-3.5,0.0,68.6,4.3,1012.3,83.5
2023-03-10 00:00:00,4.5,0.0,77.2,7.1,1019.6,82.7
2023-03-10 06:00:00,1.1,0.0,59.0,8.8,1024.0,81.8
2023-03-10 12:00:00,-1.9,0.3,67.9,9.3,1010.7,83.1
2023-03-10 18:00:00,2.4,0.0,65.6,6.5,1005.8,83.6
2023-03-11 00:00:00,1.8,0.0,71.1,6.5,1019.5,82.7
2023-03-11 06:00:00,-0.6,0.0,70.4,8.4,1017.3,82.9
2023-03-11 12:00:00,1.4,0.0,78.1,3.5,1010.6,82.1
2023-03-11 18:00:00,0.1,0.0,79.8,10.9,1009.9,80.5
2023-03-12 00:00:00,1.8,0.0,66.1,11.9,1009.4,82.5
2023-03-12 06:00:00,3.4,0.0,70.0,6.1,1011.3,81.7
2023-03-12 12:00:00,6.2,0.0,71.0,6.8,1014.6,81.7
2023-03-12 18:00:00,-2.3,0.0,66.0,11.7,1010.2,84.8
2023-03-13 00:00:00,8.1,0.0,73.1,7.6,1010.8,84.4
2023-03-13 06:00:00,-4.2,0.5,69.8,9.8,1015.5,80.8
2023-03-13 12:00:00,1.2,0.0,64.7,7.7,1005.6,81.6
2023-03-13 18:00:00,3.4,0.0,68.6,12.7,1011.1,82.6
2023-03-14 00:00:00,2.7,0.0,65.0,9.5,1004.6,82.4
2023-03-14 06:00:00,0.0,0.0,75.2,9.6,1013.5,83.8
2023-03-14 12:00:00,1.3,0.0,79.5,9.7,1003.3,81.4
2023-03-14 18:00:00,0.4,0.4,72.1,6.3,1016.8,85.1
2023-03-15 00:00:00,0.3,1.1,72.7,6.6,1004.8,84.7
2023-03-15 06:00:00,4.6,0.0,70.8,10.3,1004.1,83.8
2023-03-15 12:00:00,3.2,0.0,75.9,8.4,1011.2,84.1
2023-03-15 18:00:00,0.0,0.0,75.8,4.5,1021.6,83.3
2023-03-16 00:00:00,5.0,0.0,69.4,13.6,1016.6,81.0
2023-03-16 06:00:00,3.2,0.0,71.3,10.9,1003.4,83.9
2023-03-16 12:00:00,4.8,0.0,73.3,8.1,1006.3,83.4
2023-03-16 18:00:00,4.2,0.0,64.3,7.2,1011.0,82.4
2023-03-17 00:00:00,0.1,2.6,81.3,8.6,1020.2,88.1
2023-03-17 06:00:00,0.9,0.0,78.7,9.6,1008.3,86.7
2023-03-17 12:00:00,4.8,0.0,75.8,1.9,1008.3,88.8
2023-03-17 18:00:00,4.4,0.0,63.8,14.3,1020.6,86.1
2023-03-18 00:00:00,2.7,0.0,60.1,5.6,1014.0,83.8
2023-03-18 06:00:00,3.1,0.0,73.5,8.0,1018.3,83.3
2023-03-18 12:00:00,6.6,1.0,68.1,8.1,1007.9,84.7
2023-03-18 18:00:00,1.0,0.0,71.4,14.0,1012.5,84.0
2023-03-19 00:00:00,4.6,0.2,78.1,7.7,1019.2,85.4
2023-03-19 06:00:00,2.4,0.5,67.7,12.8,1011.5,83.2
2023-03-19 12:00:00,2.3,0.0,68.1,9.2,1018.6,86.2
2023-03-19 18:00:00,6.3,0.0,71.4,5.1,1014.9,85.1
2023-03-20 00:00:00,5.7,0.0,63.5,8.4,1007.8,85.9
2023-03-20 06:00:00,5.7,0.0,66.2,7.6,1012.9,83.3
2023-03-20 12:00:00,7.1,0.0,70.1,4.7,1017.9,85.3
2023-03-20 18:00:00,3.3,1.9,72.2,9.1,1013.5,88.5
2023-03-21 00:00:00,5.5,0.0,73.0,8.1,1012.8,85.0
2023-03-21 06:00:00,2.5,0.0,83.8,9.7,1003.5,84.5
2023-03-21 12:00:00,4.4,0.0,70.5,8.6,1004.0,86.7
2023-03-21 18:00:00,3.1,0.0,65.8,6.0,1005.1,84.0
2023-03-22 00:00:00,4.0,0.0,77.1,10.3,1010.4,85.2
2023-03-22 06:00:00,5.5,0.2,62.5,6.1,1010.8,87.9
2023-03-22 12:00:00,1.2,0.0,63.1,0.0,1005.6,84.2
2023-03-22 18:00:00,10.0,0.7,68.4,8.4,1017.1,88.4
2023-03-23 00:00:00,0.9,0.0,68.6,6.3,1006.7,85.6
2023-03-23 06:00:00,0.3,0.0,66.9,9.1,1006.1,84.2
2023-03-23 12:00:00,7.4,0.0,69.8,14.0,1013.4,86.7
2023-03-23 18:00:00,6.3,1.4,74.2,14.1,1015.7,87.2
2023-03-24 00:00:00,6.0,0.0,75.3,7.5,1023.3,86.8
2023-03-24 06:00:00,6.0,0.1,70.6,5.5,1015.8,85.4
2023-03-24 12:00:00,4.1,0.0,67.2,9.8,1020.9,86.5
2023-03-24 18:00:00,1.5,0.0,75.1,6.9,1006.9,83.1
2023-03-25 00:00:00,4.6,0.0,65.9,9.2,1023.8,86.6
2023-03-25 06:00:00,2.4,0.0,61.8,6.0,1003.7,88.2
2023-03-25 12:00:00,7.3,0.0,76.0,8.8,1010.5,83.5
2023-03-25 18:00:00,4.0,0.0,75.7,5.6,1015.8,85.5
2023-03-26 00:00:00,2.2,0.0,66.0,11.6,1005.0,85.0
2023-03-26 06:00:00,3.7,0.0,68.0,6.2,1008.4,84.1
2023-03-26 12:00:00,5.9,0.0,65.4,10.0,1007.6,83.2
2023-03-26 18:00:00,2.9,0.0,71.6,4.2,1011.4,84.5
2023-03-27 00:00:00,2.4,0.0,78.7,10.3,1020.1,86.2
2023-03-27 06:00:00,5.6,0.0,73.5,5.1,1013.1,88.3
2023-03-27 12:00:00,5.6,0.0,75.2,8.8,1010.7,84.3
2023-03-27 18:00:00,3.4,0.0,74.1,11.1,998.6,87.0
2023-03-28 00:00:00,3.7,0.0,70.0,7.4,1015.3,87.1
2023-03-28 06:00:00,5.8,0.0,75.4,4.9,1017.0,89.3
2023-03-28 12:00:00,0.8,0.0,73.7,9.5,1004.5,87.7
2023-03-28 18:00:00,0.9,0.0,77.2,5.5,1012.7,87.7
2023-03-29 00:00:00,3.2,0.0,67.7,6.8,1014.0,88.1
2023-03-29 06:00:00,4.7,0.4,62.1,8.8,1017.2,86.0
2023-03-29 12:00:00,6.3,0.0,75.2,12.1,1009.4,86.4
2023-03-29 18:00:00,9.8,0.0,71.7,8.1,1008.6,88.9
2023-03-30 00:00:00,8.2,0.0,68.5,8.1,1010.7,84.4
2023-03-30 06:00:00,5.1,0.0,68.8,10.2,1019.4,86.4
2023-03-30 12:00:00,5.6,0.0,82.8,8.2,1018.2,85.4
2023-03-30 18:00:00,2.6,0.0,66.8,9.9,1012.9,87.7
2023-03-31 00:00:00,5.8,0.0,65.7,11.2,1018.1,87.0
2023-03-31 06:00:00,5.0,0.2,70.9,7.0,1000.8,88.7
2023-03-31 12:00:00,6.8,0.0,75.9,0.0,1017.0,87.6
2023-03-31 18:00:00,3.4,0.0,81.4,5.5,1007.4,85.4
2023-04-01 00:00:00,7.7,0.2,73.6,11.6,1021.6,85.8
2023-04-01 06:00:00,10.7,0.0,63.6,7.9,1007.7,88.0
2023-04-01 12:00:00,5.8,0.0,79.9,7.0,1008.7,86.8
2023-04-01 18:00:00,7.3,0.0,69.9,11.5,1015.8,87.1
2023-04-02 00:00:00,8.4,0.0,65.8,7.7,1016.3,89.5
2023-04-02 06:00:00,5.2,0.0,64.6,1.7,1010.8,89.3
2023-04-02 12:00:00,7.0,0.0,74.2,3.5,1014.9,90.8
2023-04-02 18:00:00,6.4,0.0,71.2,9.3,1015.5,87.6
2023-04-03 00:00:00,6.9,0.0,71.7,7.8,1015.0,87.4
2023-04-03 06:00:00,4.3,0.0,76.4,12.4,1011.0,89.0
2023-04-03 12:00:00,6.7,0.0,66.0,5.8,1015.5,87.5
2023-04-03 18:00:00,8.1,0.0,76.8,7.1,1020.0,87.5
2023-04-04 00:00:00,11.2,0.1,67.7,5.3,1006.7,88.4
2023-04-04 06:00:00,9.7,0.0,80.8,6.4,1008.8,91.2
2023-04-04 12:00:00,13.3,0.0,73.0,2.3,1013.1,89.7
2023-04-04 18:00:00,4.6,0.0,65.4,6.8,1007.7,89.8
2023-04-05 00:00:00,9.7,0.0,59.9,7.8,1004.0,91.3
2023-04-05 06:00:00,7.7,0.0,74.0,7.6,1018.5,90.2
2023-04-05 12:00:00,13.7,0.0,68.1,14.4,1001.9,87.1
2023-04-05 18:00:00,4.7,0.0,69.2,13.5,1011.0,90.2
2023-04-06 00:00:00,4.8,1.2,76.1,5.7,1015.1,91.6
2023-04-06 06:00:00,5.6,0.5,76.1,1.9,1013.6,91.3
2023-04-06 12:00:00,1.0,0.0,76.1,7.7,1011.1,89.6
2023-04-06 18:00:00,5.8,0.0,64.1,9.1,1007.5,90.5
2023-04-07 00:00:00,5.3,0.0,77.1,5.4,1014.7,89.7
2023-04-07 06:00:00,8.1,0.0,67.1,5.6,1008.1,88.1
2023-04-07 12:00:00,8.6,0.0,58.7,12.7,1014.3,88.4
2023-04-07 18:00:00,13.3,0.4,64.9,7.2,1013.1,90.9
2023-04-08 00:00:00,10.7,0.0,71.1,10.0,1013.8,88.6
2023-04-08 06:00:00,6.1,0.0,65.1,5.2,1009.8,88.6
2023-04-08 12:00:00,5.2,0.0,69.6,7.8,1023.2,90.9
2023-04-08 18:00:00,9.4,0.0,71.7,7.0,1014.8,89.9
2023-04-09 00:00:00,4.2,0.0,69.1,6.0,1011.6,90.8
2023-04-09 06:00:00,13.6,0.0,67.5,11.5,1014.3,88.0
2023-04-09 12:00:00,11.7,0.0,63.7,3.8,1009.1,90.7
2023-04-09 18:00:00,6.7,0.0,70.1,8.9,1011.1,88.9
2023-04-10 00:00:00,3.2,0.0,59.7,6.9,1025.0,88.6
2023-04-10 06:00:00,12.5,0.0,66.6,9.2,1009.2,89.3
2023-04-10 12:00:00,8.0,1.2,67.8,7.0,1010.8,93.2
2023-04-10 18:00:00,12.1,0.4,69.5,10.6,1010.2,90.6
2023-04-11 00:00:00,3.9,1.1,71.2,5.2,1006.1,95.4
2023-04-11 06:00:00,6.8,0.0,74.8,11.5,1015.1,88.5
2023-04-11 12:00:00,8.7,0.6,79.1,7.9,1012.3,89.4
2023-04-11 18:00:00,8.8,0.0,64.4,4.0,1017.6,93.3
2023-04-12 00:00:00,7.6,0.0,80.0,10.0,1017.1,93.6
2023-04-12 06:00:00,10.8,0.7,67.4,7.4,1016.5,90.3
2023-04-12 12:00:00,5.7,0.0,70.9,2.9,1008.4,91.4
2023-04-12 18:00:00,8.5,0.1,72.8,9.0,1016.1,92.2
2023-04-13 00:00:00,9.5,0.0,82.2,11.0,1016.3,90.9
2023-04-13 06:00:00,10.7,0.0,67.3,11.8,1007.9,91.3
2023-04-13 12:00:00,11.3,0.0,61.0,6.9,1011.4,91.0
2023-04-13 18:00:00,5.8,0.0,77.5,8.4,1005.7,88.7
2023-04-14 00:00:00,4.8,0.0,65.8,8.2,1016.3,90.6
2023-04-14 06:00:00,13.3,0.0,68.2,12.5,1016.3,91.1
2023-04-14 12:00:00,10.4,1.2,66.8,5.6,1018.3,92.3
2023-04-14 18:00:00,7.2,0.0,68.2,6.6,1011.9,89.2
2023-04-15 00:00:00,14.3,0.0,65.8,5.5,1015.3,92.9
2023-04-15 06:00:00,10.0,0.0,73.4,3.7,1017.9,91.8
2023-04-15 12:00:00,13.2,0.0,70.4,8.7,1009.2,89.9
2023-04-15 18:00:00,9.9,2.8,72.2,12.8,1004.3,96.7
2023-04-16 00:00:00,16.1,0.9,76.8,7.4,1008.0,93.7
2023-04-16 06:00:00,15.2,0.0,71.3,5.4,1011.2,93.0
2023-04-16 12:00:00,9.2,0.0,60.8,8.6,1008.6,93.8
2023-04-16 18:00:00,12.9,0.0,74.6,9.8,1009.6,95.3
2023-04-17 00:00:00,12.1,0.0,70.9,7.5,1017.4,93.4
2023-04-17 06:00:00,14.3,0.0,77.0,12.2,1012.5,93.4
2023-04-17 12:00:00,7.3,0.2,70.9,5.6,1014.3,90.7
2023-04-17 18:00:00,12.3,0.0,66.0,7.1,1010.2,92.2
2023-04-18 00:00:00,13.6,0.0,69.0,8.9,1009.9,91.4
2023-04-18 06:00:00,5.2,0.0,74.0,9.2,1014.4,93.2
2023-04-18 12:00:00,6.9,0.0,66.1,8.1,1013.6,93.3
2023-04-18 18:00:00,4.3,0.0,67.8,4.2,1016.9,94.5
2023-04-19 00:00:00,9.9,0.0,68.9,15.0,1019.5,89.0
2023-04-19 06:00:00,12.9,0.0,64.3,7.3,1009.5,91.3
2023-04-19 12:00:00,15.2,0.0,66.2,8.3,1017.3,94.1
2023-04-19 18:00:00,10.9,0.0,70.9,9.9,1007.6,90.1
2023-04-20 00:00:00,15.9,0.2,76.4,6.1,1023.1,102.8
2023-04-20 06:00:00,6.8,1.7,75.0,8.2,1006.5,101.7
2023-04-20 12:00:00,5.9,1.2,72.1,6.0,1014.7,100.3
2023-04-20 18:00:00,10.8,1.4,68.6,9.2,1005.5,102.7
2023-04-21 00:00:00,12.4,12.0,99.4,7.2,994.3,115.1
2023-04-21 06:00:00,11.1,3.2,78.5,8.8,1016.0,113.6
2023-04-21 12:00:00,5.0,3.1,72.7,4.9,1004.2,112.5
2023-04-21 18:00:00,11.0,7.1,88.8,5.5,1013.3,117.5
2023-04-22 00:00:00,7.6,0.8,74.5,3.9,1011.7,108.7
2023-04-22 06:00:00,13.5,3.3,72.6,5.9,1012.9,114.1
2023-04-22 12:00:00,12.6,2.8,75.1,0.3,1010.8,111.8
2023-04-22 18:00:00,8.7,4.5,76.6,7.1,1008.5,107.6
2023-04-23 00:00:00,10.2,38.6,100.0,6.4,947.9,144.6
2023-04-23 06:00:00,8.6,7.3,87.3,8.5,999.6,138.2
2023-04-23 12:00:00,11.6,2.5,76.0,8.1,1015.2,128.7
2023-04-23 18:00:00,14.6,9.5,91.3,11.8,997.1,130.0
2023-04-24 00:00:00,9.0,3.6,84.1,15.8,1008.3,130.1
2023-04-24 06:00:00,13.5,0.2,69.9,11.4,1005.0,119.3
2023-04-24 12:00:00,10.4,1.2,69.4,6.6,1008.6,115.5
2023-04-24 18:00:00,9.6,2.1,78.4,6.5,1015.5,109.4
2023-04-25 00:00:00,11.9,3.6,76.3,10.6,1001.2,118.9
2023-04-25 06:00:00,9.1,4.8,74.2,2.9,1009.4,115.0
2023-04-25 12:00:00,10.6,12.7,89.1,7.1,994.8,120.3
2023-04-25 18:00:00,8.7,3.6,84.8,7.3,1006.5,120.7
2023-04-26 00:00:00,18.4,3.5,77.6,9.8,1006.4,118.0
2023-04-26 06:00:00,12.6,0.3,67.6,9.8,1010.2,115.6
2023-04-26 12:00:00,10.4,0.2,69.2,5.8,1010.7,105.7
2023-04-26 18:00:00,13.1,4.0,82.0,6.8,1011.6,110.6
2023-04-27 00:00:00,12.4,2.9,74.3,9.3,1006.5,109.1
2023-04-27 06:00:00,12.1,9.1,81.0,5.6,1008.3,116.6
2023-04-27 12:00:00,14.6,0.9,73.4,11.6,1013.2,115.3
2023-04-27 18:00:00,15.0,0.9,77.9,9.8,1008.7,109.3
2023-04-28 00:00:00,11.4,3.8,83.4,8.5,1012.1,112.1
2023-04-28 06:00:00,11.3,1.4,69.9,9.2,1014.1,107.2
2023-04-28 12:00:00,12.2,0.3,76.9,6.6,1004.3,110.0
2023-04-28 18:00:00,6.1,6.5,84.0,6.1,998.1,107.5
2023-04-29 00:00:00,8.7,0.6,77.4,6.7,1011.5,107.9
2023-04-29 06:00:00,17.4,4.7,82.3,9.5,998.0,112.4
2023-04-29 12:00:00,18.2,1.6,65.7,8.6,1021.0,111.1
2023-04-29 18:00:00,12.5,1.0,80.6,6.7,1015.7,107.0
2023-04-30 00:00:00,15.2,2.4,75.0,10.2,1009.4,109.3
2023-04-30 06:00:00,14.5,8.1,89.1,7.5,999.2,112.6
2023-04-30 12:00:00,22.8,6.2,75.7,5.9,1000.6,115.3
2023-04-30 18:00:00,16.9,6.9,86.4,8.8,992.8,123.4
2023-05-01 00:00:00,13.4,0.7,76.9,5.0,1003.3,110.8
2023-05-01 06:00:00,10.9,7.4,94.5,2.9,1011.4,116.0
2023-05-01 12:00:00,8.9,1.4,79.7,8.0,1018.8,114.0
2023-05-01 18:00:00,14.4,5.7,84.1,6.0,1001.6,120.2
2023-05-02 00:00:00,11.7,4.2,70.6,7.2,1011.3,113.8
2023-05-02 06:00:00,9.8,13.2,97.1,5.1,995.7,124.6
2023-05-02 12:00:00,12.1,2.4,71.9,11.6,1012.4,124.3
2023-05-02 18:00:00,10.8,0.3,71.9,6.0,1005.4,112.6
2023-05-03 00:00:00,19.3,0.1,64.1,6.7,1003.8,112.8
2023-05-03 06:00:00,16.9,8.8,86.5,9.1,1005.8,120.0
2023-05-03 12:00:00,14.2,5.0,77.4,3.9,995.6,121.3
2023-05-03 18:00:00,18.7,7.5,82.2,3.6,1001.1,117.8
2023-05-04 00:00:00,14.7,1.3,70.0,9.1,1009.2,120.4
2023-05-04 06:00:00,11.9,2.1,73.6,6.7,1007.5,114.4
2023-05-04 12:00:00,19.1,0.2,71.7,5.3,1014.3,107.8
2023-05-04 18:00:00,16.1,16.3,90.1,9.8,985.2,123.4
2023-05-05 00:00:00,11.6,5.5,69.1,5.6,1006.7,121.5
2023-05-05 06:00:00,14.2,13.6,95.6,7.2,993.3,130.3
2023-05-05 12:00:00,12.1,1.5,72.1,5.3,1021.2,130.7
2023-05-05 18:00:00,10.6,4.7,80.4,8.9,999.0,123.0
2023-05-06 00:00:00,17.8,5.7,77.7,12.0,1004.6,119.5
2023-05-06 06:00:00,20.7,1.9,73.9,2.4,1012.3,123.1
2023-05-06 12:00:00,10.8,9.4,89.5,8.3,997.6,117.6
2023-05-06 18:00:00,16.7,14.7,95.7,10.6,984.3,127.5
2023-05-07 00:00:00,13.3,11.7,98.6,6.7,1001.7,133.0
2023-05-07 06:00:00,13.8,6.7,84.3,4.6,1004.6,131.8
2023-05-07 12:00:00,13.5,1.6,76.0,9.3,1004.2,122.1
2023-05-07 18:00:00,12.7,1.7,73.7,11.0,1012.7,122.1
2023-05-08 00:00:00,15.6,16.5,100.0,10.7,996.7,129.3
2023-05-08 06:00:00,13.0,0.1,73.1,9.1,1012.7,123.8
2023-05-08 12:00:00,16.3,6.3,80.1,8.3,1003.5,119.4
2023-05-08 18:00:00,15.3,6.1,86.4,5.3,1011.7,119.1
2023-05-09 00:00:00,15.0,4.9,71.6,10.6,1000.8,121.6
2023-05-09 06:00:00,13.0,23.9,100.0,10.4,985.8,138.6
2023-05-09 12:00:00,14.0,2.9,77.4,4.6,1013.5,132.6
2023-05-09 18:00:00,18.0,2.1,74.8,9.1,1005.3,125.5
2023-05-10 00:00:00,17.5,5.7,79.8,10.0,1001.1,121.2
2023-05-10 06:00:00,13.0,0.0,64.9,10.6,1010.4,111.3
2023-05-10 12:00:00,16.3,0.0,66.1,7.8,1003.8,104.5
2023-05-10 18:00:00,18.2,0.0,70.5,5.4,1014.3,101.1
2023-05-11 00:00:00,11.2,0.0,64.4,6.5,1008.6,101.2
2023-05-11 06:00:00,17.8,2.5,83.9,5.0,1010.7,99.3
2023-05-11 12:00:00,14.2,2.5,61.9,7.8,1002.8,103.5
2023-05-11 18:00:00,17.9,0.0,68.4,7.3,1017.6,96.5
2023-05-12 00:00:00,14.1,0.0,70.6,14.4,1016.7,98.1
2023-05-12 06:00:00,11.0,0.0,72.5,10.7,1009.5,101.1
2023-05-12 12:00:00,11.6,1.0,67.4,10.9,1013.3,98.0
2023-05-12 18:00:00,16.6,0.0,75.7,9.4,1013.4,97.5
2023-05-13 00:00:00,17.4,0.0,63.0,6.9,1020.4,99.8
2023-05-13 06:00:00,14.0,0.0,67.2,7.2,1007.8,96.4
2023-05-13 12:00:00,18.6,0.0,73.1,7.4,1012.2,98.5
2023-05-13 18:00:00,11.7,0.0,75.2,8.6,1009.8,98.9
2023-05-14 00:00:00,16.7,0.0,63.0,9.2,1013.2,98.0
2023-05-14 06:00:00,13.3,2.3,87.8,8.0,1012.2,97.1
2023-05-14 12:00:00,14.9,0.0,65.5,7.1,1009.7,97.7
2023-05-14 18:00:00,17.0,0.0,63.4,6.2,1011.2,102.2
2023-05-15 00:00:00,14.5,0.0,72.5,3.8,1017.8,97.2
2023-05-15 06:00:00,16.0,0.0,68.3,11.9,1019.8,102.2
2023-05-15 12:00:00,20.1,0.0,67.5,14.6,1015.5,100.1
2023-05-15 18:00:00,15.4,0.0,73.0,11.6,1012.3,98.2
2023-05-16 00:00:00,19.9,0.0,62.4,4.2,1011.8,97.9
2023-05-16 06:00:00,14.0,0.0,61.5,10.4,1015.7,96.7
2023-05-16 12:00:00,18.9,0.0,67.0,11.1,1014.1,97.3
2023-05-16 18:00:00,21.7,0.0,75.4,6.8,1004.8,96.3
2023-05-17 00:00:00,10.2,0.0,67.2,9.5,1015.9,97.4
2023-05-17 06:00:00,15.2,0.2,78.4,6.6,1008.4,95.6
2023-05-17 12:00:00,19.3,0.0,76.0,12.6,1005.9,95.5
2023-05-17 18:00:00,17.0,0.0,71.4,9.1,1004.7,99.5
2023-05-18 00:00:00,18.9,0.0,71.7,5.2,1011.9,95.2
2023-05-18 06:00:00,16.0,0.0,71.4,10.0,1007.9,99.0
2023-05-18 12:00:00,18.1,3.4,77.7,11.2,996.2,97.9
2023-05-18 18:00:00,17.3,0.0,68.2,8.6,1011.2,100.8
2023-05-19 00:00:00,21.5,0.0,68.7,9.4,1010.5,99.0
2023-05-19 06:00:00,18.8,0.0,64.7,7.8,1012.3,100.8
2023-05-19 12:00:00,19.0,0.0,58.9,4.6,1009.9,98.0
2023-05-19 18:00:00,16.8,1.0,77.6,7.5,1020.6,96.2
2023-05-20 00:00:00,16.8,0.0,70.8,9.6,1015.6,98.6
2023-05-20 06:00:00,16.9,0.0,70.0,7.6,1010.5,98.8
2023-05-20 12:00:00,19.4,0.0,72.0,10.4,1012.7,98.2
2023-05-20 18:00:00,17.0,0.6,67.0,6.8,1019.2,99.6
2023-05-21 00:00:00,19.3,0.0,65.0,7.0,1017.8,97.8
2023-05-21 06:00:00,24.7,0.0,68.6,10.5,1006.0,96.5
2023-05-21 12:00:00,21.1,0.0,76.8,8.7,1008.1,96.8
2023-05-21 18:00:00,17.5,5.1,74.3,6.8,1001.5,102.0
2023-05-22 00:00:00,22.3,9.8,76.5,11.1,996.1,109.6
2023-05-22 06:00:00,17.4,0.0,67.4,5.9,1010.0,110.3
2023-05-22 12:00:00,12.5,0.0,75.7,5.8,1013.2,106.0
2023-05-22 18:00:00,15.6,0.0,61.3,0.0,1016.7,103.3
2023-05-23 00:00:00,13.3,2.1,68.4,6.3,1014.3,103.8
2023-05-23 06:00:00,17.8,0.0,71.3,11.9,1011.4,102.1
2023-05-23 12:00:00,18.9,0.0,82.8,1.8,1004.8,101.1
2023-05-23 18:00:00,23.9,2.2,67.7,5.1,1004.4,102.2
2023-05-24 00:00:00,20.1,0.0,63.0,9.3,1010.4,101.0
2023-05-24 06:00:00,18.4,0.0,71.7,1.3,1006.8,97.1
2023-05-24 12:00:00,21.6,0.0,76.0,6.5,1018.7,99.1
2023-05-24 18:00:00,12.4,0.0,66.9,11.4,1007.1,98.9
2023-05-25 00:00:00,20.0,0.0,61.9,14.1,1016.1,98.0
2023-05-25 06:00:00,21.6,1.1,74.3,8.9,1003.0,99.1
2023-05-25 12:00:00,14.8,0.8,74.7,5.2,1015.0,100.7
2023-05-25 18:00:00,22.7,0.0,78.9,5.1,1012.3,100.8
2023-05-26 00:00:00,20.5,0.7,74.7,8.4,1019.5,100.5
2023-05-26 06:00:00,18.2,2.6,79.4,8.8,1003.4,103.1
2023-05-26 12:00:00,21.4,0.0,68.7,13.6,1010.2,102.1
2023-05-26 18:00:00,26.3,5.0,92.1,10.9,1003.7,104.3
2023-05-27 00:00:00,20.2,0.0,68.0,8.3,1012.2,103.8
2023-05-27 06:00:00,20.4,0.0,66.9,7.0,1011.3,99.1
2023-05-27 12:00:00,18.3,1.1,81.3,17.0,1009.7,101.2
2023-05-27 18:00:00,17.1,0.0,62.6,9.9,1011.3,100.1
2023-05-28 00:00:00,22.4,0.0,60.8,6.0,1002.6,102.6
2023-05-28 06:00:00,17.3,0.1,70.8,7.3,1017.8,100.5
2023-05-28 12:00:00,20.1,0.0,70.0,5.4,1027.3,97.6
2023-05-28 18:00:00,18.4,0.0,68.9,0.8,1014.5,100.3
2023-05-29 00:00:00,21.5,0.5,76.0,8.9,1006.5,101.2
2023-05-29 06:00:00,21.1,0.0,65.5,13.3,1007.8,99.4
2023-05-29 12:00:00,23.2,0.0,70.3,3.1,1016.1,100.4
2023-05-29 18:00:00,18.5,0.0,68.2,8.2,1014.9,95.5
2023-05-30 00:00:00,19.4,0.0,65.5,5.9,1011.6,95.2
2023-05-30 06:00:00,17.3,0.0,69.7,9.6,1016.8,97.4
2023-05-30 12:00:00,18.9,0.0,74.3,7.5,1002.7,99.3
2023-05-30 18:00:00,21.4,1.6,83.9,3.9,1014.3,102.8
2023-05-31 00:00:00,22.7,0.0,72.9,5.1,1014.2,98.5
2023-05-31 06:00:00,17.7,0.0,57.4,5.5,1008.0,98.6
2023-05-31 12:00:00,23.1,0.0,69.8,12.0,1005.8,99.8
2023-05-31 18:00:00,24.5,0.0,70.2,11.9,1013.6,98.7
2023-06-01 00:00:00,21.9,4.4,83.5,7.1,1013.5,102.6
2023-06-01 06:00:00,26.3,0.0,70.9,11.7,1011.9,101.5
2023-06-01 12:00:00,18.3,0.0,76.3,7.5,1008.7,103.2
2023-06-01 18:00:00,16.9,0.0,72.0,7.0,1014.0,102.3
2023-06-02 00:00:00,15.5,0.0,77.8,8.2,1022.1,100.3
2023-06-02 06:00:00,25.3,2.3,72.4,8.9,1011.7,104.5
2023-06-02 12:00:00,22.8,2.5,75.7,6.3,1011.9,104.2
2023-06-02 18:00:00,20.6,0.0,74.1,8.1,1019.1,103.9
2023-06-03 00:00:00,21.8,0.0,67.1,10.4,1015.4,100.1
2023-06-03 06:00:00,17.6,0.0,66.0,8.4,1009.1,99.8
2023-06-03 12:00:00,28.3,0.0,66.9,8.1,1004.3,99.4
2023-06-03 18:00:00,21.4,3.0,72.2,9.5,1003.9,102.6
2023-06-04 00:00:00,21.5,1.4,75.4,10.0,1005.4,103.1
2023-06-04 06:00:00,23.3,0.3,61.4,7.8,1015.9,102.7
2023-06-04 12:00:00,22.6,0.0,62.2,6.6,1017.0,104.3
2023-06-04 18:00:00,21.8,2.8,84.8,8.6,1009.7,104.3
2023-06-05 00:00:00,19.0,0.0,66.4,3.2,1006.7,101.4
2023-06-05 06:00:00,22.7,1.4,73.9,7.4,1019.8,102.7
2023-06-05 12:00:00,27.0,0.6,63.8,0.6,1009.9,104.6
2023-06-05 18:00:00,25.4,0.0,70.5,3.0,1016.0,102.6
2023-06-06 00:00:00,26.3,3.7,73.7,2.5,1007.8,106.5
2023-06-06 06:00:00,20.0,0.6,63.3,11.1,1013.2,102.6
2023-06-06 12:00:00,18.5,0.0,76.7,8.0,1015.8,101.1
2023-06-06 18:00:00,21.1,0.0,75.9,4.2,1009.5,100.4
2023-06-07 00:00:00,21.8,0.9,71.2,9.5,1018.2,101.1
2023-06-07 06:00:00,24.9,3.7,82.4,11.0,999.6,102.8
2023-06-07 12:00:00,16.6,0.0,79.5,9.5,1007.8,103.4
2023-06-07 18:00:00,26.3,0.0,73.8,7.4,1019.5,102.4
2023-06-08 00:00:00,21.4,0.0,72.4,8.7,1016.0,103.3
2023-06-08 06:00:00,20.5,0.0,71.0,10.7,1025.7,98.2
2023-06-08 12:00:00,18.8,0.0,73.2,6.6,1013.3,99.0
2023-06-08 18:00:00,16.9,0.0,68.2,8.1,1021.5,101.4
2023-06-09 00:00:00,24.5,0.0,68.6,7.2,1003.7,100.4
2023-06-09 06:00:00,22.2,2.3,76.9,3.2,1002.4,102.2
2023-06-09 12:00:00,18.1,0.0,67.6,10.7,1017.5,103.3
2023-06-09 18:00:00,18.1,0.0,68.2,14.2,1004.3,99.3
2023-06-10 00:00:00,21.1,0.0,70.0,5.4,1012.0,99.5
2023-06-10 06:00:00,27.1,0.0,75.8,10.9,1018.8,99.1
2023-06-10 12:00:00,21.4,0.4,65.1,5.5,1015.0,97.5
2023-06-10 18:00:00,17.6,0.0,73.8,8.4,1013.1,100.5
2023-06-11 00:00:00,21.5,0.0,74.0,12.5,1010.8,99.4
2023-06-11 06:00:00,21.5,0.0,73.9,6.4,1014.0,98.9
2023-06-11 12:00:00,14.2,0.0,66.0,8.0,1015.9,98.6
2023-06-11 18:00:00,22.1,0.0,61.5,2.6,1009.7,99.9
2023-06-12 00:00:00,21.7,0.0,72.8,6.0,1014.9,98.7
2023-06-12 06:00:00,24.5,0.2,71.4,2.3,1018.1,100.4
2023-06-12 12:00:00,28.0,0.0,75.0,9.3,1011.9,100.7
2023-06-12 18:00:00,25.8,0.0,66.5,10.5,1013.3,99.5
2023-06-13 00:00:00,21.8,0.9,75.6,7.3,1014.1,100.2
2023-06-13 06:00:00,19.3,0.0,75.3,8.9,1015.8,100.8
2023-06-13 12:00:00,30.3,0.0,69.5,7.0,1017.4,100.3
2023-06-13 18:00:00,22.8,0.0,72.1,10.2,1007.9,102.2
2023-06-14 00:00:00,22.8,0.0,71.9,8.4,1010.4,100.6
2023-06-14 06:00:00,22.6,0.9,67.7,2.0,1009.2,102.5
2023-06-14 12:00:00,23.3,0.0,72.7,10.8,1008.5,101.5
2023-06-14 18:00:00,22.3,2.9,83.9,6.8,999.6,101.1
2023-06-15 00:00:00,21.1,0.0,70.1,4.2,996.7,101.3
2023-06-15 06:00:00,21.2,0.0,62.7,6.7,1019.0,101.4
2023-06-15 12:00:00,22.8,0.0,66.6,2.3,1005.2,102.3
2023-06-15 18:00:00,21.2,2.1,65.4,4.3,1017.6,105.5
2023-06-16 00:00:00,20.8,0.0,76.5,8.4,1016.7,101.1
2023-06-16 06:00:00,23.3,0.0,73.8,8.7,1011.0,101.4
2023-06-16 12:00:00,22.2,2.3,72.0,8.9,1012.7,104.1
2023-06-16 18:00:00,27.5,0.0,62.9,8.0,1015.1,101.9
2023-06-17 00:00:00,15.2,0.3,66.4,5.9,1007.1,104.2
2023-06-17 06:00:00,26.4,0.0,66.8,7.8,1012.9,99.2
2023-06-17 12:00:00,26.8,0.0,70.5,6.7,1008.1,101.8
2023-06-17 18:00:00,16.9,0.0,70.4,3.1,1016.3,101.6
2023-06-18 00:00:00,22.2,0.0,76.7,5.7,1009.4,102.1
2023-06-18 06:00:00,22.1,0.0,66.5,10.7,1012.5,100.4
2023-06-18 12:00:00,19.0,0.0,62.5,12.8,1012.3,101.5
2023-06-18 18:00:00,20.9,4.4,73.1,10.0,1007.0,103.7
2023-06-19 00:00:00,20.0,0.9,71.7,12.6,1019.9,102.5
2023-06-19 06:00:00,28.6,0.2,66.8,8.3,1011.4,101.4
2023-06-19 12:00:00,26.2,0.0,68.5,13.2,1019.1,99.8
2023-06-19 18:00:00,27.2,3.6,74.9,14.2,1010.0,104.0
2023-06-20 00:00:00,25.6,1.0,76.9,2.8,1018.7,104.6
2023-06-20 06:00:00,20.1,0.0,67.1,8.7,1011.3,102.6
2023-06-20 12:00:00,21.9,0.3,68.6,8.3,1016.1,102.5
2023-06-20 18:00:00,24.9,0.0,73.6,6.7,1012.7,103.4
2023-06-21 00:00:00,19.9,0.0,67.2,9.5,998.1,100.3
2023-06-21 06:00:00,25.7,0.0,72.1,8.1,1007.6,104.3
2023-06-21 12:00:00,22.9,0.0,71.7,5.8,1015.9,101.7
2023-06-21 18:00:00,22.5,0.0,70.7,7.9,1015.6,100.1
2023-06-22 00:00:00,25.8,1.2,66.8,11.6,1004.7,101.1
2023-06-22 06:00:00,25.0,0.0,76.1,8.5,1014.1,99.5
2023-06-22 12:00:00,22.6,0.0,81.1,9.9,1015.5,100.6
2023-06-22 18:00:00,27.2,0.0,70.0,7.2,1012.8,97.2
2023-06-23 00:00:00,20.5,0.0,64.8,9.4,1016.6,102.2
2023-06-23 06:00:00,25.6,0.0,70.1,4.4,1016.0,96.0
2023-06-23 12:00:00,25.6,0.0,74.9,6.5,1012.8,100.2
2023-06-23 18:00:00,22.9,0.0,66.9,7.7,1010.4,98.4
2023-06-24 00:00:00,24.9,0.0,69.4,4.2,1018.2,99.0
2023-06-24 06:00:00,20.1,0.0,71.8,5.5,1015.3,99.2
2023-06-24 12:00:00,26.7,0.0,76.0,8.9,1006.1,102.9
2023-06-24 18:00:00,23.3,0.0,73.9,8.4,1014.1,98.4
2023-06-25 00:00:00,22.4,0.6,75.3,10.4,1006.3,101.9
2023-06-25 06:00:00,27.1,0.7,69.3,6.2,1007.1,102.7
2023-06-25 12:00:00,21.9,0.0,72.0,8.2,1009.7,97.2
2023-06-25 18:00:00,19.8,0.0,66.4,6.0,1013.2,99.5
2023-06-26 00:00:00,19.4,0.0,74.2,10.1,1014.9,102.5
2023-06-26 06:00:00,25.9,0.0,75.8,11.6,1011.0,98.2
2023-06-26 12:00:00,20.2,0.7,74.2,9.4,1010.1,102.5
2023-06-26 18:00:00,29.3,0.0,68.2,11.2,1010.5,100.5
2023-06-27 00:00:00,17.9,0.0,69.0,8.1,1018.2,100.2
2023-06-27 06:00:00,29.3,0.0,79.0,10.4,998.7,100.3
2023-06-27 12:00:00,24.8,4.6,77.4,8.2,1004.6,104.7
2023-06-27 18:00:00,23.9,0.0,75.2,4.9,1020.7,101.5
2023-06-28 00:00:00,22.6,0.0,71.7,8.7,1015.6,101.6
2023-06-28 06:00:00,25.4,0.0,68.3,5.0,1019.3,101.9
2023-06-28 12:00:00,24.1,0.0,63.3,15.0,1002.8,101.2
2023-06-28 18:00:00,27.6,0.0,71.1,7.0,1006.8,101.1
2023-06-29 00:00:00,24.7,0.5,71.5,9.9,1014.8,99.7
2023-06-29 06:00:00,24.8,1.3,81.7,8.0,1018.8,102.7
2023-06-29 12:00:00,23.2,0.0,65.7,4.3,1007.3,101.3
2023-06-29 18:00:00,24.2,0.0,81.5,2.3,1011.1,98.4
2023-06-30 00:00:00,25.3,6.3,84.6,10.2,1005.5,105.4
2023-06-30 06:00:00,19.3,0.0,71.9,12.6,1005.7,102.9
2023-06-30 12:00:00,20.4,0.0,67.0,5.8,1015.6,101.5
2023-06-30 18:00:00,26.6,0.0,71.6,3.0,999.6,101.3
2023-07-01 00:00:00,25.0,0.0,72.4,7.0,1015.5,102.2
2023-07-01 06:00:00,23.9,0.0,74.7,5.2,1008.0,99.9
2023-07-01 12:00:00,24.5,1.1,67.3,6.0,1009.1,101.8
2023-07-01 18:00:00,25.5,0.5,78.1,9.8,1015.5,101.5
2023-07-02 00:00:00,22.9,2.3,76.5,7.8,1011.7,101.8
2023-07-02 06:00:00,22.2,0.0,73.0,5.5,1013.0,101.5
2023-07-02 12:00:00,25.1,0.0,68.9,9.8,1017.8,102.6
2023-07-02 18:00:00,21.6,4.0,73.4,10.0,998.5,104.7
2023-07-03 00:00:00,25.8,0.0,70.4,7.0,1014.0,103.8
2023-07-03 06:00:00,19.5,0.0,70.9,8.4,1009.0,103.9
2023-07-03 12:00:00,27.7,0.0,63.1,9.6,1017.6,101.9
2023-07-03 18:00:00,26.0,1.0,76.0,9.3,1014.9,98.8
2023-07-04 00:00:00,25.4,0.0,75.0,8.1,1016.6,101.4
2023-07-04 06:00:00,27.6,1.5,69.4,12.3,1018.9,101.0
2023-07-04 12:00:00,29.7,0.0,64.9,9.7,1018.6,104.0
2023-07-04 18:00:00,27.7,0.0,68.5,6.6,1012.2,101.3
2023-07-05 00:00:00,19.2,0.4,70.9,6.7,1012.4,99.8
2023-07-05 06:00:00,20.9,2.4,73.5,6.3,1012.4,103.3
2023-07-05 12:00:00,22.8,0.0,69.7,9.9,1013.7,101.7
2023-07-05 18:00:00,24.8,7.6,86.3,6.1,1005.1,105.3
2023-07-06 00:00:00,26.3,0.0,63.2,6.7,1001.8,106.6
2023-07-06 06:00:00,22.6,1.7,67.1,11.2,1019.9,104.4
2023-07-06 12:00:00,25.3,0.0,56.4,8.6,1013.3,105.5
2023-07-06 18:00:00,22.5,0.8,76.3,11.6,1003.7,102.7
2023-07-07 00:00:00,23.0,0.0,70.1,10.4,1008.4,103.9
2023-07-07 06:00:00,20.6,0.0,75.2,4.5,1002.4,101.7
2023-07-07 12:00:00,22.0,0.0,64.3,7.7,1007.5,102.0
2023-07-07 18:00:00,20.7,0.0,70.1,11.0,1012.3,99.5
2023-07-08 00:00:00,21.9,0.4,71.9,4.3,1019.9,100.8
2023-07-08 06:00:00,28.0,0.0,67.2,9.3,1015.1,97.4
2023-07-08 12:00:00,22.0,0.1,62.5,7.9,1014.0,99.7
2023-07-08 18:00:00,32.7,0.0,78.7,2.7,1007.3,97.5
2023-07-09 00:00:00,26.4,0.0,77.0,8.4,1008.9,97.8
2023-07-09 06:00:00,25.4,0.0,68.1,5.5,1009.3,98.1
2023-07-09 12:00:00,22.3,0.0,72.6,4.5,1009.5,100.3
2023-07-09 18:00:00,27.0,7.8,83.1,8.0,999.6,106.1
2023-07-10 00:00:00,23.2,7.3,79.5,2.2,1000.7,110.7
2023-07-10 06:00:00,25.3,0.0,79.1,6.0,1011.3,106.9
2023-07-10 12:00:00,32.6,0.0,61.7,15.7,1009.6,106.4
2023-07-10 18:00:00,24.6,0.0,68.6,10.0,1013.7,103.1
2023-07-11 00:00:00,28.4,0.0,70.4,5.4,1011.4,102.2
2023-07-11 06:00:00,22.8,1.4,81.0,12.2,1003.0,101.4
2023-07-11 12:00:00,24.8,0.0,74.5,5.0,1013.2,103.0
2023-07-11 18:00:00,30.2,2.3,66.3,6.3,1008.9,104.6
2023-07-12 00:00:00,23.1,0.0,70.0,4.6,1005.1,101.5
2023-07-12 06:00:00,30.4,3.8,77.7,8.8,1004.4,103.3
2023-07-12 12:00:00,27.1,0.0,68.9,12.1,1016.0,100.2
2023-07-12 18:00:00,23.3,0.0,73.1,5.0,1007.3,100.2
2023-07-13 00:00:00,26.9,0.0,63.0,1.8,1006.8,97.4
2023-07-13 06:00:00,27.9,0.0,68.0,11.3,1011.4,98.7
2023-07-13 12:00:00,26.8,0.0,72.4,12.7,1016.1,100.2
2023-07-13 18:00:00,20.3,0.0,73.4,2.0,1022.1,99.3
2023-07-14 00:00:00,22.8,1.6,73.9,9.4,1014.0,104.0
2023-07-14 06:00:00,24.2,0.0,68.6,8.7,1018.4,99.5
2023-07-14 12:00:00,24.8,2.5,74.3,5.6,1011.0,101.2
2023-07-14 18:00:00,26.8,0.0,73.7,3.8,1009.6,102.5
2023-07-15 00:00:00,25.5,6.7,83.5,11.0,1006.2,115.0
2023-07-15 06:00:00,21.0,2.4,69.6,8.5,1008.9,116.0
2023-07-15 12:00:00,26.1,3.4,70.6,8.8,1009.8,117.3
2023-07-15 18:00:00,26.8,14.4,91.4,6.1,986.6,124.8
2023-07-16 00:00:00,26.7,28.2,100.0,5.6,973.1,144.6
2023-07-16 06:00:00,28.2,4.1,82.2,0.6,1006.3,140.1
2023-07-16 12:00:00,27.5,4.7,78.8,7.3,1007.2,130.8
2023-07-16 18:00:00,26.4,21.1,100.0,12.3,980.9,148.6
2023-07-17 00:00:00,24.8,0.5,68.2,5.3,1010.8,133.8
2023-07-17 06:00:00,20.0,2.1,79.7,3.4,1012.2,127.9
2023-07-17 12:00:00,26.3,3.0,85.5,9.3,1006.5,126.9
2023-07-17 18:00:00,25.6,7.2,81.4,9.9,994.2,128.2
2023-07-18 00:00:00,25.8,2.1,79.9,6.2,1000.4,121.4
2023-07-18 06:00:00,21.2,27.6,100.0,7.0,972.6,143.7
2023-07-18 12:00:00,21.8,4.7,78.4,8.8,1003.7,134.9
2023-07-18 18:00:00,28.2,5.6,88.7,7.5,996.0,131.2
2023-07-19 00:00:00,24.9,5.7,81.4,11.0,1005.0,129.3
2023-07-19 06:00:00,27.0,5.1,81.7,15.3,1004.9,132.2
2023-07-19 12:00:00,25.1,8.7,88.6,2.9,997.5,131.8
2023-07-19 18:00:00,25.1,11.1,84.1,11.7,997.5,131.4
2023-07-20 00:00:00,27.8,11.2,93.9,8.3,1002.8,138.4
2023-07-20 06:00:00,23.4,6.9,81.0,12.2,1009.1,131.7
2023-07-20 12:00:00,25.3,18.8,100.0,10.2,985.6,135.4
2023-07-20 18:00:00,23.6,17.3,100.0,8.2,986.6,153.9
2023-07-21 00:00:00,23.7,13.3,94.0,10.3,993.8,153.3
2023-07-21 06:00:00,24.0,3.0,81.2,6.8,1010.0,138.7
2023-07-21 12:00:00,25.6,0.6,65.8,5.7,1010.8,125.6
2023-07-21 18:00:00,23.5,1.9,69.9,10.4,1011.0,123.0
2023-07-22 00:00:00,28.7,10.4,92.0,5.5,989.5,127.7
2023-07-22 06:00:00,22.2,4.3,72.0,9.9,1006.9,125.3
2023-07-22 12:00:00,24.4,4.6,75.9,8.1,1008.5,122.9
2023-07-22 18:00:00,23.6,17.3,96.2,1.0,984.6,132.3
2023-07-23 00:00:00,29.2,25.3,100.0,6.3,974.6,146.9
2023-07-23 06:00:00,25.5,19.2,100.0,9.0,978.7,156.1
2023-07-23 12:00:00,28.0,3.0,75.9,6.8,1002.2,138.5
2023-07-23 18:00:00,20.4,9.4,93.4,0.4,1000.0,142.3
2023-07-24 00:00:00,25.7,2.5,71.5,12.0,1005.5,129.9
2023-07-24 06:00:00,27.5,1.7,71.8,8.5,1001.6,119.8
2023-07-24 12:00:00,25.1,2.7,70.1,9.3,1003.4,124.4
2023-07-24 18:00:00,28.1,3.3,71.4,6.6,1003.1,124.1
2023-07-25 00:00:00,23.3,4.5,74.4,9.6,1010.1,122.0
2023-07-25 06:00:00,29.1,0.0,67.5,13.5,1013.9,105.6
2023-07-25 12:00:00,31.7,0.0,68.1,5.8,1008.6,102.5
2023-07-25 18:00:00,23.8,0.0,71.4,13.0,1010.1,102.4
2023-07-26 00:00:00,23.5,0.0,65.5,9.2,1019.6,101.4
2023-07-26 06:00:00,29.2,0.0,71.6,5.4,1017.7,100.0
2023-07-26 12:00:00,29.5,2.1,76.7,14.6,1004.2,99.9
2023-07-26 18:00:00,23.2,1.0,69.6,9.2,1017.4,96.2
2023-07-27 00:00:00,23.5,0.0,66.0,10.0,1012.6,99.3
2023-07-27 06:00:00,23.9,0.2,70.8,7.2,1016.7,99.9
2023-07-27 12:00:00,20.7,6.8,82.6,5.6,1002.0,108.4
2023-07-27 18:00:00,22.0,0.0,71.1,8.5,1018.9,101.5
2023-07-28 00:00:00,21.7,0.0,77.8,12.7,1007.2,99.5
2023-07-28 06:00:00,22.4,0.0,70.3,7.1,1011.7,99.9
2023-07-28 12:00:00,24.6,0.0,66.8,7.9,1019.1,98.3
2023-07-28 18:00:00,25.4,2.8,71.2,12.4,996.8,102.6
2023-07-29 00:00:00,29.3,0.0,65.7,7.1,1012.8,98.2
2023-07-29 06:00:00,21.7,0.0,62.7,9.5,1011.0,98.2
2023-07-29 12:00:00,27.6,5.0,84.7,10.6,1008.9,103.9
2023-07-29 18:00:00,24.0,0.0,58.8,7.4,1018.3,101.3
2023-07-30 00:00:00,24.4,1.3,75.1,8.9,1014.7,102.4
2023-07-30 06:00:00,26.6,0.3,66.3,10.0,1013.7,99.1
2023-07-30 12:00:00,21.2,0.0,67.4,6.8,1013.2,100.7
2023-07-30 18:00:00,25.7,1.3,68.1,10.4,1009.3,96.8
2023-07-31 00:00:00,25.0,0.0,77.2,6.4,1014.0,95.9
2023-07-31 06:00:00,26.0,8.7,87.4,6.0,1007.3,107.5
2023-07-31 12:00:00,25.4,0.9,75.7,3.4,1007.5,103.7
2023-07-31 18:00:00,31.9,0.6,77.8,6.5,1010.0,103.4
2023-08-01 00:00:00,22.6,2.9,76.6,5.6,1008.3,103.0
2023-08-01 06:00:00,22.9,0.0,64.0,6.8,1018.0,100.8
2023-08-01 12:00:00,22.6,2.4,73.7,9.8,1010.5,99.6
2023-08-01 18:00:00,22.8,0.0,66.3,2.8,1017.9,100.0
2023-08-02 00:00:00,22.5,0.0,67.5,2.1,1018.2,100.8
2023-08-02 06:00:00,28.0,0.0,69.5,5.8,1016.0,98.0
2023-08-02 12:00:00,28.7,0.9,71.1,9.4,1006.4,99.2
2023-08-02 18:00:00,22.7,0.0,72.1,8.9,1021.3,98.5
2023-08-03 00:00:00,21.8,0.0,72.8,5.7,1020.1,95.4
2023-08-03 06:00:00,25.7,1.0,71.4,11.5,1011.8,98.9
2023-08-03 12:00:00,22.7,0.0,72.0,6.0,1006.1,96.6
2023-08-03 18:00:00,26.2,0.0,67.3,9.4,1005.2,96.3
2023-08-04 00:00:00,24.9,0.0,76.6,6.9,1014.3,99.4
2023-08-04 06:00:00,19.7,0.0,67.2,5.4,1009.5,97.0
2023-08-04 12:00:00,28.9,0.0,76.0,6.2,1004.4,95.1
2023-08-04 18:00:00,29.6,0.0,62.6,10.2,1005.1,96.0
2023-08-05 00:00:00,22.3,0.0,68.1,9.1,1010.7,95.8
2023-08-05 06:00:00,23.0,1.7,71.8,10.9,1011.4,99.7
2023-08-05 12:00:00,25.0,0.0,71.4,9.1,1020.0,96.8
2023-08-05 18:00:00,25.2,3.3,81.0,3.2,1010.4,102.7
2023-08-06 00:00:00,26.1,0.0,63.8,14.3,1011.1,96.1
2023-08-06 06:00:00,30.1,0.0,64.5,9.1,1014.9,97.2
2023-08-06 12:00:00,23.5,0.7,64.3,9.5,1013.4,96.2
2023-08-06 18:00:00,21.7,0.0,76.6,6.9,1016.7,96.0
2023-08-07 00:00:00,19.8,2.8,77.0,11.3,1008.7,97.9
2023-08-07 06:00:00,21.8,0.0,64.6,4.7,1018.2,96.5
2023-08-07 12:00:00,23.9,1.6,71.0,9.8,1014.7,100.9
2023-08-07 18:00:00,29.4,0.0,75.9,1.8,1013.4,99.5
2023-08-08 00:00:00,22.3,0.0,68.6,10.0,1012.4,97.2
2023-08-08 06:00:00,24.6,0.0,68.3,4.8,1017.6,95.4
2023-08-08 12:00:00,23.8,0.0,66.1,8.8,1009.4,94.7
2023-08-08 18:00:00,27.5,0.0,64.9,12.1,1005.5,96.7
2023-08-09 00:00:00,31.4,0.0,75.9,10.5,1005.4,95.6
2023-08-09 06:00:00,22.2,0.0,78.4,11.7,1009.0,94.9
2023-08-09 12:00:00,22.3,0.0,65.1,11.4,1016.3,95.8
2023-08-09 18:00:00,26.9,0.0,77.0,6.4,1010.9,96.3
2023-08-10 00:00:00,25.7,0.0,67.6,9.8,1014.0,94.5
2023-08-10 06:00:00,29.2,0.0,72.7,2.8,1010.5,93.5
2023-08-10 12:00:00,25.4,3.6,84.3,5.9,1005.1,96.0
2023-08-10 18:00:00,22.6,0.9,71.1,12.2,1006.5,98.2
2023-08-11 00:00:00,25.3,0.0,68.4,6.8,1012.5,99.9
2023-08-11 06:00:00,26.9,0.0,74.0,2.4,1012.1,94.3
2023-08-11 12:00:00,26.0,0.0,64.5,14.0,1015.1,97.2
2023-08-11 18:00:00,25.1,0.0,75.7,9.7,1014.4,94.2
2023-08-12 00:00:00,26.7,0.0,70.7,10.3,1012.0,94.0
2023-08-12 06:00:00,27.0,0.0,67.1,5.1,1005.5,96.0
2023-08-12 12:00:00,27.6,0.0,67.0,8.9,1018.4,94.1
2023-08-12 18:00:00,25.4,0.0,63.1,8.8,1012.6,94.8
2023-08-13 00:00:00,22.8,0.0,67.3,5.5,1013.4,94.5
2023-08-13 06:00:00,23.8,3.4,75.5,7.5,1015.9,96.2
2023-08-13 12:00:00,27.0,0.0,64.7,3.5,1017.5,97.6
2023-08-13 18:00:00,20.9,0.0,69.8,7.0,1015.2,95.5
2023-08-14 00:00:00,24.3,4.0,80.4,10.9,1007.0,96.5
2023-08-14 06:00:00,22.1,2.7,74.3,5.8,1008.9,98.2
2023-08-14 12:00:00,23.3,0.0,73.3,13.7,1014.2,93.1
2023-08-14 18:00:00,27.1,0.0,66.0,3.7,1015.0,96.7
2023-08-15 00:00:00,23.7,2.7,80.4,7.2,1017.5,99.9
2023-08-15 06:00:00,23.2,0.0,70.6,6.0,1025.4,95.1
2023-08-15 12:00:00,19.0,0.0,77.7,7.5,1014.5,96.6
2023-08-15 18:00:00,25.3,0.0,82.1,12.1,1002.2,95.8
2023-08-16 00:00:00,24.9,1.5,70.7,5.0,1005.9,94.7
2023-08-16 06:00:00,29.5,0.0,67.9,6.6,1022.1,97.4
2023-08-16 12:00:00,22.1,0.0,68.8,10.0,1016.6,94.2
2023-08-16 18:00:00,23.6,3.5,80.1,8.3,1009.8,100.5
2023-08-17 00:00:00,23.6,0.0,76.6,8.5,1012.2,93.5
2023-08-17 06:00:00,27.6,0.0,66.7,5.1,1007.1,94.7
2023-08-17 12:00:00,22.6,4.4,80.7,7.8,1014.8,98.3
2023-08-17 18:00:00,23.7,0.8,71.0,11.4,1007.7,97.6
2023-08-18 00:00:00,24.5,4.5,82.1,3.2,1009.9,101.2
2023-08-18 06:00:00,23.3,0.0,77.5,5.9,1006.5,103.1
2023-08-18 12:00:00,21.4,0.0,68.8,2.6,1011.9,97.2
2023-08-18 18:00:00,23.3,2.2,66.0,9.6,1014.7,97.4
2023-08-19 00:00:00,25.8,0.0,73.7,11.7,1011.8,94.2
2023-08-19 06:00:00,19.5,0.0,65.8,7.4,1011.2,92.1
2023-08-19 12:00:00,23.0,0.0,69.3,5.0,1013.1,96.0
2023-08-19 18:00:00,20.5,2.5,78.9,5.1,1002.6,95.2
2023-08-20 00:00:00,26.0,1.8,75.0,7.1,1002.8,100.3
2023-08-20 06:00:00,17.9,0.8,71.1,7.1,1015.4,97.3
2023-08-20 12:00:00,20.8,0.0,67.1,10.7,1010.9,95.4
2023-08-20 18:00:00,23.6,0.0,55.5,6.0,1016.5,94.8
2023-08-21 00:00:00,27.0,0.0,73.5,9.3,1018.6,94.1
2023-08-21 06:00:00,22.1,0.0,68.7,7.1,1019.0,92.1
2023-08-21 12:00:00,20.6,0.0,77.6,5.8,1004.9,90.2
2023-08-21 18:00:00,27.9,3.4,78.7,7.0,1004.5,94.9
2023-08-22 00:00:00,17.8,1.2,69.8,9.0,1013.8,95.6
2023-08-22 06:00:00,15.5,0.0,75.3,10.7,1015.8,93.6
2023-08-22 12:00:00,23.5,0.0,75.8,7.2,1024.2,91.9
2023-08-22 18:00:00,20.6,1.0,71.0,4.4,1006.9,93.1
2023-08-23 00:00:00,18.9,0.0,76.0,11.0,1018.8,94.9
2023-08-23 06:00:00,24.1,0.0,67.2,5.3,1014.9,94.0
2023-08-23 12:00:00,22.7,0.0,70.8,8.8,1004.8,92.8
2023-08-23 18:00:00,20.3,0.0,72.9,7.9,1010.3,93.2
2023-08-24 00:00:00,18.0,1.2,76.3,7.5,1012.5,91.3
2023-08-24 06:00:00,24.4,0.0,73.1,6.5,1004.5,91.4
2023-08-24 12:00:00,23.8,0.7,69.8,9.9,1001.6,93.4
2023-08-24 18:00:00,21.5,1.2,78.0,0.0,1002.3,92.2
2023-08-25 00:00:00,27.2,0.0,69.4,11.4,1014.3,93.0
2023-08-25 06:00:00,18.5,1.6,70.4,5.3,1008.2,91.9
2023-08-25 12:00:00,17.1,7.8,82.8,9.2,998.3,97.6
2023-08-25 18:00:00,19.6,1.1,82.0,9.1,1008.4,99.6
2023-08-26 00:00:00,21.4,0.0,66.3,11.8,1005.9,97.7
2023-08-26 06:00:00,22.2,0.0,76.5,8.6,1010.7,93.7
2023-08-26 12:00:00,20.8,0.0,64.3,5.5,1003.9,91.3
2023-08-26 18:00:00,22.6,0.0,72.4,3.2,1018.9,89.5
2023-08-27 00:00:00,17.6,0.0,71.5,7.0,1021.5,94.9
2023-08-27 06:00:00,25.7,0.5,79.1,2.1,1000.6,92.4
2023-08-27 12:00:00,21.1,0.0,66.7,6.1,1010.7,90.9
2023-08-27 18:00:00,24.7,0.7,66.8,7.1,1009.9,91.7
2023-08-28 00:00:00,22.2,0.0,69.4,5.9,1012.1,88.7
2023-08-28 06:00:00,22.5,0.0,78.3,8.1,1018.0,92.2
2023-08-28 12:00:00,22.9,0.0,65.6,7.3,1010.7,94.1
2023-08-28 18:00:00,22.5,0.2,57.4,7.0,1012.3,90.0
2023-08-29 00:00:00,22.9,0.0,70.3,0.7,1027.9,94.3
2023-08-29 06:00:00,25.0,0.2,75.2,4.1,1012.1,90.6
2023-08-29 12:00:00,21.6,0.0,64.9,9.9,1021.8,93.2
2023-08-29 18:00:00,23.1,0.0,74.2,10.4,1015.5,91.1
2023-08-30 00:00:00,20.5,0.0,64.8,2.5,1010.2,90.8
2023-08-30 06:00:00,25.1,0.0,69.3,5.6,1009.3,93.1
2023-08-30 12:00:00,18.8,0.0,73.8,11.2,1013.0,91.4
2023-08-30 18:00:00,26.2,2.5,69.0,5.8,1003.6,93.0
2023-08-31 00:00:00,20.5,0.0,70.9,7.7,1008.7,88.6
2023-08-31 06:00:00,16.3,0.0,76.1,12.3,1010.9,88.8
2023-08-31 12:00:00,21.0,0.7,73.8,6.9,1013.4,92.0
2023-08-31 18:00:00,18.6,0.0,66.4,6.5,1022.1,93.1
2023-09-01 00:00:00,23.0,0.0,77.6,7.5,1010.6,90.6
2023-09-01 06:00:00,18.5,0.0,73.3,13.6,1015.3,89.3
2023-09-01 12:00:00,19.1,0.3,61.2,9.3,1004.5,87.5
2023-09-01 18:00:00,14.8,0.0,74.3,8.1,1018.3,88.9
2023-09-02 00:00:00,18.9,0.0,67.1,6.4,1004.4,89.9
2023-09-02 06:00:00,13.0,0.0,71.0,9.6,1017.0,88.4
2023-09-02 12:00:00,15.5,1.4,77.9,10.0,1010.5,89.4
2023-09-02 18:00:00,22.5,0.0,67.3,4.8,1012.4,90.4
2023-09-03 00:00:00,22.4,0.0,61.8,10.1,1011.5,92.1
2023-09-03 06:00:00,21.3,0.0,77.5,7.5,1006.5,90.7
2023-09-03 12:00:00,17.2,1.4,78.6,8.1,1004.7,91.2
2023-09-03 18:00:00,19.9,0.0,69.6,5.3,1017.2,90.6
2023-09-04 00:00:00,19.9,0.0,74.3,6.8,1013.1,90.6
2023-09-04 06:00:00,16.4,0.0,68.2,4.9,1011.5,89.3
2023-09-04 12:00:00,24.4,0.0,70.5,4.8,1015.2,88.7
2023-09-04 18:00:00,22.5,0.0,69.3,9.1,1013.5,90.3
2023-09-05 00:00:00,19.0,1.8,71.9,6.9,1006.4,90.2
2023-09-05 06:00:00,19.8,0.0,71.8,4.1,1025.3,88.2
2023-09-05 12:00:00,20.3,0.0,64.0,14.5,1016.7,91.8
2023-09-05 18:00:00,13.6,0.0,68.7,4.6,1013.6,86.5
2023-09-06 00:00:00,18.7,2.2,76.0,11.3,1007.1,93.2
2023-09-06 06:00:00,17.4,0.0,79.2,3.6,1017.8,90.9
2023-09-06 12:00:00,16.5,0.0,64.2,9.4,1009.1,88.2
2023-09-06 18:00:00,18.6,0.0,72.6,7.2,1008.6,89.3
2023-09-07 00:00:00,24.7,0.0,73.2,6.1,1021.5,88.1
2023-09-07 06:00:00,21.2,0.0,60.6,8.6,1013.2,89.8
2023-09-07 12:00:00,17.6,1.4,74.9,8.2,1007.0,91.0
2023-09-07 18:00:00,21.0,0.0,74.4,5.6,1013.0,90.0
2023-09-08 00:00:00,23.3,0.0,72.9,5.4,1017.3,89.8
2023-09-08 06:00:00,21.8,0.0,69.6,3.3,1016.1,88.3
2023-09-08 12:00:00,19.3,0.0,71.7,8.9,1017.9,91.0
2023-09-08 18:00:00,17.1,0.4,71.6,4.2,1006.2,90.4
2023-09-09 00:00:00,21.0,0.0,61.6,8.0,1017.7,87.4
2023-09-09 06:00:00,20.0,0.0,71.0,9.8,1012.1,89.2
2023-09-09 12:00:00,21.6,0.5,69.1,8.6,1012.8,89.4
2023-09-09 18:00:00,20.8,0.5,67.5,5.8,1018.3,88.2
2023-09-10 00:00:00,21.8,0.0,82.4,10.7,1016.5,87.5
2023-09-10 06:00:00,17.1,1.0,78.2,6.8,1013.3,90.6
2023-09-10 12:00:00,22.6,0.0,64.2,4.0,1003.1,88.3
2023-09-10 18:00:00,19.3,0.0,71.7,7.1,1012.8,88.5
2023-09-11 00:00:00,24.7,0.0,77.3,9.8,1009.1,89.7
2023-09-11 06:00:00,16.4,4.8,72.2,6.0,1009.3,95.7
2023-09-11 12:00:00,23.7,0.0,70.4,10.6,1018.0,89.7
2023-09-11 18:00:00,19.0,0.0,70.6,5.7,1011.5,89.2
2023-09-12 00:00:00,16.3,0.0,63.6,6.1,1009.7,88.7
2023-09-12 06:00:00,16.8,0.0,71.9,4.9,1020.8,88.2
2023-09-12 12:00:00,17.3,0.0,75.6,10.1,1010.0,88.3
2023-09-12 18:00:00,19.5,1.5,80.6,7.8,1004.7,88.1
2023-09-13 00:00:00,19.6,0.0,68.8,5.1,1008.8,86.1
2023-09-13 06:00:00,16.3,0.0,82.5,6.8,1010.2,90.3
2023-09-13 12:00:00,17.9,0.0,59.7,0.0,1008.7,88.3
2023-09-13 18:00:00,24.4,0.7,73.3,10.3,1016.1,87.2
2023-09-14 00:00:00,23.0,0.0,62.9,7.5,1002.0,87.9
2023-09-14 06:00:00,19.1,0.0,70.5,0.8,1008.6,89.7
2023-09-14 12:00:00,17.9,0.0,67.4,3.6,1012.8,85.6
2023-09-14 18:00:00,18.2,0.0,72.5,6.7,1014.1,87.0
2023-09-15 00:00:00,19.4,0.0,69.4,4.1,1021.5,84.2
2023-09-15 06:00:00,14.5,0.0,65.9,10.4,1020.7,86.1
2023-09-15 12:00:00,16.8,0.0,66.2,9.3,1005.0,87.2
2023-09-15 18:00:00,12.6,0.0,79.7,9.1,1003.5,84.5
2023-09-16 00:00:00,18.5,0.0,72.2,0.2,1013.1,85.7
2023-09-16 06:00:00,19.3,0.0,61.5,6.4,1009.6,87.1
2023-09-16 12:00:00,15.9,0.0,72.8,5.9,1007.0,86.8
2023-09-16 18:00:00,22.1,0.0,69.0,5.1,1013.1,84.2
2023-09-17 00:00:00,13.4,0.0,70.0,6.8,1014.2,86.2
2023-09-17 06:00:00,12.7,0.0,74.1,4.6,1008.8,86.5
2023-09-17 12:00:00,17.8,0.0,75.9,8.6,1009.9,85.8
2023-09-17 18:00:00,20.3,0.0,65.7,10.3,1009.2,87.3
2023-09-18 00:00:00,21.9,2.8,75.4,10.0,1006.8,87.0
2023-09-18 06:00:00,15.5,0.0,67.3,7.6,1015.7,87.8
2023-09-18 12:00:00,20.1,0.0,73.0,14.0,1007.6,84.9
2023-09-18 18:00:00,16.8,0.6,70.0,11.4,1008.9,84.4
2023-09-19 00:00:00,16.1,0.0,70.1,7.7,1011.0,87.3
2023-09-19 06:00:00,19.3,1.1,70.8,6.6,1011.3,86.8
2023-09-19 12:00:00,18.6,0.0,69.5,12.0,1014.4,85.6
2023-09-19 18:00:00,11.9,2.3,83.1,11.0,1019.7,86.4
2023-09-20 00:00:00,20.9,0.0,82.0,3.8,1015.9,88.1
2023-09-20 06:00:00,20.6,0.0,71.9,11.3,1016.0,84.0
2023-09-20 12:00:00,14.6,0.0,69.5,7.5,1011.7,87.4
2023-09-20 18:00:00,17.6,0.3,62.6,5.4,1007.7,86.5
2023-09-21 00:00:00,17.7,0.3,66.9,2.1,1009.9,83.4
2023-09-21 06:00:00,17.0,0.0,69.4,7.2,1009.4,85.5
2023-09-21 12:00:00,14.5,0.0,66.4,8.0,1015.0,89.1
2023-09-21 18:00:00,14.2,0.0,67.0,12.8,1004.7,86.7
2023-09-22 00:00:00,15.9,0.0,77.9,10.9,1016.0,83.3
2023-09-22 06:00:00,19.5,0.5,71.2,6.3,1011.6,86.1
2023-09-22 12:00:00,17.6,0.0,70.6,9.2,1016.7,82.7
2023-09-22 18:00:00,14.9,0.0,66.6,10.5,1009.4,82.6
2023-09-23 00:00:00,18.0,0.0,75.9,8.3,1008.5,84.2
2023-09-23 06:00:00,7.2,0.0,68.9,6.2,1011.0,85.1
2023-09-23 12:00:00,19.2,0.0,67.4,6.4,1010.8,85.4
2023-09-23 18:00:00,10.5,0.0,62.1,9.2,1017.0,85.4
2023-09-24 00:00:00,14.4,0.0,69.7,9.2,1017.0,84.6
2023-09-24 06:00:00,12.1,0.0,67.2,7.1,1022.5,81.5
2023-09-24 12:00:00,11.6,0.0,78.4,0.1,1010.5,83.8
2023-09-24 18:00:00,19.0,0.0,79.2,4.1,996.3,85.3
2023-09-25 00:00:00,13.8,0.0,63.8,9.9,1011.0,84.3
2023-09-25 06:00:00,16.3,0.0,64.4,1.6,1014.2,83.9
2023-09-25 12:00:00,15.1,0.0,68.6,11.6,1016.6,84.1
2023-09-25 18:00:00,16.7,0.0,65.9,11.1,1014.5,84.1
2023-09-26 00:00:00,15.2,0.0,71.1,8.1,1010.5,80.4
2023-09-26 06:00:00,11.2,0.0,68.4,9.8,1021.6,85.1
2023-09-26 12:00:00,18.0,0.8,73.0,9.6,1006.6,83.9
2023-09-26 18:00:00,13.5,0.0,75.1,7.6,1011.6,84.9
2023-09-27 00:00:00,10.1,0.0,64.7,3.9,1007.6,80.0
2023-09-27 06:00:00,13.5,3.1,81.2,10.9,1008.4,88.6
2023-09-27 12:00:00,19.3,0.0,66.4,12.2,1020.9,83.5
2023-09-27 18:00:00,17.3,0.0,80.7,4.4,1012.3,88.4
2023-09-28 00:00:00,13.5,0.0,78.1,3.8,1012.3,87.0
2023-09-28 06:00:00,13.5,0.0,69.4,7.6,1004.5,81.6
2023-09-28 12:00:00,13.5,0.0,65.2,6.1,1011.6,84.6
2023-09-28 18:00:00,20.7,0.0,64.2,8.4,1018.8,81.6
2023-09-29 00:00:00,15.4,1.8,78.0,11.6,1009.1,83.5
2023-09-29 06:00:00,15.6,1.9,73.6,1.3,1008.6,84.7
2023-09-29 12:00:00,17.4,0.2,75.0,12.7,1018.2,85.5
2023-09-29 18:00:00,15.0,0.0,81.0,6.8,1011.4,84.7
2023-09-30 00:00:00,13.2,0.0,66.1,9.5,1019.5,81.6
2023-09-30 06:00:00,13.4,0.0,63.8,9.9,1006.6,83.7
2023-09-30 12:00:00,13.8,0.0,71.0,10.2,1016.4,82.5
2023-09-30 18:00:00,13.9,0.1,76.0,8.2,1021.0,80.1
2023-10-01 00:00:00,16.0,0.2,65.7,8.9,1017.7,81.9
2023-10-01 06:00:00,13.9,0.0,70.2,8.9,1003.7,84.9
2023-10-01 12:00:00,16.0,0.0,76.9,6.1,1009.8,81.7
2023-10-01 18:00:00,13.5,0.0,61.8,2.7,1011.8,79.5
2023-10-02 00:00:00,13.8,0.3,71.8,4.3,1017.6,83.4
2023-10-02 06:00:00,7.5,0.0,67.3,7.7,1006.3,80.7
2023-10-02 12:00:00,16.3,0.0,70.6,5.6,1007.9,82.3
2023-10-02 18:00:00,14.6,0.0,73.5,5.6,1005.0,81.7
2023-10-03 00:00:00,16.3,0.6,72.3,13.4,1008.0,84.8
2023-10-03 06:00:00,4.6,0.0,64.9,10.6,1006.7,81.7
2023-10-03 12:00:00,19.5,0.0,67.5,7.2,1021.0,80.1
2023-10-03 18:00:00,12.8,0.0,77.1,10.0,1009.8,81.1
2023-10-04 00:00:00,16.3,0.0,71.6,6.7,1016.5,79.6
2023-10-04 06:00:00,9.9,0.0,74.2,8.3,1013.1,81.1
2023-10-04 12:00:00,14.9,0.0,71.3,9.3,1013.0,84.0
2023-10-04 18:00:00,9.9,0.0,74.0,6.7,1010.0,83.2
2023-10-05 00:00:00,10.9,0.0,68.0,5.9,1016.9,84.1
2023-10-05 06:00:00,18.5,0.0,66.2,11.7,1013.8,81.8
2023-10-05 12:00:00,12.2,0.0,73.8,9.8,1013.5,81.3
2023-10-05 18:00:00,13.4,0.8,77.3,1.2,1008.8,80.3
2023-10-06 00:00:00,15.1,0.0,65.4,6.0,1010.9,81.7
2023-10-06 06:00:00,14.0,0.0,67.1,5.7,1015.9,81.0
2023-10-06 12:00:00,13.0,0.0,69.2,6.1,1014.2,82.2
2023-10-06 18:00:00,13.6,0.0,78.1,10.6,1013.6,79.3
2023-10-07 00:00:00,19.5,1.1,75.0,8.1,1007.6,81.8
2023-10-07 06:00:00,12.1,0.5,64.4,3.8,1022.0,79.4
2023-10-07 12:00:00,12.9,1.4,72.4,6.9,1008.5,83.2
2023-10-07 18:00:00,15.4,0.0,68.8,9.6,1012.8,83.1
2023-10-08 00:00:00,15.3,0.0,64.1,7.3,1012.1,78.9
2023-10-08 06:00:00,15.6,0.0,69.5,6.1,1022.8,79.0
2023-10-08 12:00:00,13.9,0.0,68.5,9.0,1011.5,78.9
2023-10-08 18:00:00,8.6,0.0,68.2,12.9,1011.1,80.4
2023-10-09 00:00:00,16.6,0.0,68.0,9.4,1013.6,78.2
2023-10-09 06:00:00,8.3,1.9,81.1,11.9,1006.7,84.0
2023-10-09 12:00:00,12.6,0.8,69.7,6.3,1012.4,82.7
2023-10-09 18:00:00,9.5,0.0,70.2,8.0,1024.9,82.4
2023-10-10 00:00:00,11.3,0.0,69.7,7.9,1014.5,78.4
2023-10-10 06:00:00,12.5,0.0,67.5,8.4,1014.3,82.4
2023-10-10 12:00:00,12.4,0.0,70.4,9.3,1009.4,81.3
2023-10-10 18:00:00,12.7,1.5,73.4,5.2,1019.2,80.5
2023-10-11 00:00:00,16.1,0.0,70.4,9.9,1022.7,78.5
2023-10-11 06:00:00,12.6,0.0,65.7,3.1,1017.3,80.3
2023-10-11 12:00:00,10.5,0.0,69.0,4.0,1016.3,79.5
2023-10-11 18:00:00,14.1,0.0,73.8,14.4,1011.8,79.3
2023-10-12 00:00:00,14.5,0.0,69.1,6.5,1015.0,78.6
2023-10-12 06:00:00,7.3,0.0,70.8,10.2,1008.8,80.6
2023-10-12 12:00:00,12.8,0.0,70.8,13.1,1007.4,75.6
2023-10-12 18:00:00,13.1,0.0,72.1,1.1,1005.6,81.6
2023-10-13 00:00:00,9.8,0.0,72.8,11.4,1015.1,80.7
2023-10-13 06:00:00,14.8,0.0,69.1,9.9,1006.1,79.5
2023-10-13 12:00:00,10.3,0.0,65.4,12.9,1010.5,78.9
2023-10-13 18:00:00,11.1,0.0,63.9,4.5,1012.7,80.7
2023-10-14 00:00:00,9.9,0.6,76.3,12.4,1017.1,79.3
2023-10-14 06:00:00,10.5,0.0,73.9,5.8,1010.1,78.8
2023-10-14 12:00:00,7.2,0.0,73.2,11.2,1018.6,80.8
2023-10-14 18:00:00,6.1,0.0,74.1,7.9,1017.7,82.2
2023-10-15 00:00:00,15.0,2.5,74.2,10.3,1003.9,79.6
2023-10-15 06:00:00,7.7,0.0,66.9,8.1,1018.6,80.9
2023-10-15 12:00:00,7.2,0.0,65.1,2.5,1011.6,78.2
2023-10-15 18:00:00,3.7,0.0,64.6,0.0,1010.5,80.2
2023-10-16 00:00:00,8.0,1.3,78.6,8.6,1009.7,78.9
2023-10-16 06:00:00,6.0,0.6,68.7,7.2,1012.1,81.9
2023-10-16 12:00:00,14.9,0.0,75.3,9.2,1010.9,79.4
2023-10-16 18:00:00,13.0,0.0,69.1,7.2,1008.8,79.3
2023-10-17 00:00:00,7.6,0.0,66.6,14.1,1009.2,81.2
2023-10-17 06:00:00,16.4,0.0,64.5,8.7,1013.7,77.5
2023-10-17 12:00:00,12.6,0.0,67.1,6.7,1012.2,79.5
2023-10-17 18:00:00,8.7,0.0,77.1,9.0,1015.6,77.4
2023-10-18 00:00:00,1.9,0.0,64.6,6.7,1013.3,79.9
2023-10-18 06:00:00,16.3,0.0,80.6,8.3,1013.4,80.7
2023-10-18 12:00:00,5.3,0.6,66.9,4.3,1015.1,78.1
2023-10-18 18:00:00,4.5,0.0,73.7,8.0,1020.1,75.0
2023-10-19 00:00:00,12.2,0.0,69.3,6.6,1020.3,76.9
2023-10-19 06:00:00,16.5,0.0,68.4,4.6,1019.7,81.5
2023-10-19 12:00:00,13.3,0.0,63.6,13.9,1017.4,77.0
2023-10-19 18:00:00,10.9,0.3,70.1,4.7,1023.0,80.7
2023-10-20 00:00:00,10.7,0.0,64.2,8.0,1015.2,76.8
2023-10-20 06:00:00,11.5,0.0,61.6,5.6,1014.6,76.7
2023-10-20 12:00:00,11.2,2.0,74.5,8.9,1021.3,80.5
2023-10-20 18:00:00,9.7,0.0,66.8,4.2,999.4,79.8
2023-10-21 00:00:00,9.0,0.0,78.4,10.5,1011.9,79.5
2023-10-21 06:00:00,8.5,1.7,78.5,14.1,1016.6,79.5
2023-10-21 12:00:00,6.4,0.0,78.5,5.5,1017.9,80.4
2023-10-21 18:00:00,7.8,0.0,66.6,11.7,1025.8,79.8
2023-10-22 00:00:00,3.3,0.0,70.7,6.9,1013.5,79.5
2023-10-22 06:00:00,8.1,0.0,56.9,12.5,1010.8,76.6
2023-10-22 12:00:00,5.4,0.0,68.6,14.6,1011.3,79.0
2023-10-22 18:00:00,5.1,1.3,73.2,7.3,1012.6,77.7
2023-10-23 00:00:00,8.7,0.0,70.8,3.4,1021.1,77.6
2023-10-23 06:00:00,12.3,0.0,69.8,10.8,1021.2,77.3
2023-10-23 12:00:00,10.9,0.3,70.9,8.7,1012.3,76.1
2023-10-23 18:00:00,3.4,0.0,56.4,9.5,1014.3,74.7
2023-10-24 00:00:00,4.9,0.0,71.3,7.0,1009.9,78.8
2023-10-24 06:00:00,10.7,0.0,72.4,5.3,1010.5,75.8
2023-10-24 12:00:00,4.9,0.0,76.7,11.5,1018.2,76.4
2023-10-24 18:00:00,7.2,0.0,71.8,9.0,1021.0,75.6
2023-10-25 00:00:00,9.3,0.0,69.3,3.7,1009.5,76.1
2023-10-25 06:00:00,4.7,0.0,75.5,10.1,1014.2,75.7
2023-10-25 12:00:00,7.9,0.0,58.2,9.5,1011.8,78.3
2023-10-25 18:00:00,3.6,0.0,67.4,7.0,1017.3,75.5
2023-10-26 00:00:00,5.6,0.8,67.7,12.9,1009.9,79.5
2023-10-26 06:00:00,8.3,0.0,69.8,6.1,1003.4,78.4
2023-10-26 12:00:00,2.6,0.0,59.0,7.5,1018.0,75.8
2023-10-26 18:00:00,8.7,0.0,76.6,10.3,1011.5,76.9
2023-10-27 00:00:00,7.1,0.0,68.8,8.2,1012.0,76.9
2023-10-27 06:00:00,8.8,0.0,71.6,3.8,1015.2,77.4
2023-10-27 12:00:00,7.8,0.0,71.1,8.6,1014.8,77.5
2023-10-27 18:00:00,11.2,0.0,76.3,6.8,1015.3,76.3
2023-10-28 00:00:00,7.2,0.0,60.7,10.6,1004.9,74.4
2023-10-28 06:00:00,5.6,0.0,70.6,8.5,1015.8,76.8
2023-10-28 12:00:00,7.2,0.0,75.7,8.3,1003.5,75.4
2023-10-28 18:00:00,8.5,1.4,72.4,4.9,1014.7,72.9
2023-10-29 00:00:00,6.8,0.0,65.2,7.3,1018.6,77.1
2023-10-29 06:00:00,6.7,0.0,67.0,10.9,1006.2,75.1
2023-10-29 12:00:00,4.5,0.0,68.0,5.7,1014.6,75.3
2023-10-29 18:00:00,4.6,0.0,66.4,7.9,1018.3,75.9
2023-10-30 00:00:00,2.1,0.0,69.2,5.2,1010.8,73.3
2023-10-30 06:00:00,11.6,0.0,77.5,4.4,1016.4,75.7
2023-10-30 12:00:00,2.6,0.0,67.0,7.7,999.1,75.0
2023-10-30 18:00:00,4.3,0.0,67.6,8.5,1018.5,74.1
2023-10-31 00:00:00,4.0,0.0,72.3,14.0,1013.1,75.3
2023-10-31 06:00:00,8.8,0.0,69.1,6.6,1011.7,72.7
2023-10-31 12:00:00,5.2,0.0,63.4,7.8,1017.9,75.3
2023-10-31 18:00:00,9.9,0.0,69.7,4.2,1021.6,75.9
2023-11-01 00:00:00,3.8,0.0,69.5,9.8,1015.4,75.4
2023-11-01 06:00:00,6.7,0.0,74.9,9.2,1021.0,76.2
2023-11-01 12:00:00,3.4,0.0,65.1,12.5,1005.2,76.7
2023-11-01 18:00:00,12.3,0.0,74.9,11.3,1016.3,74.9
2023-11-02 00:00:00,2.0,0.0,69.5,9.1,1012.3,76.4
2023-11-02 06:00:00,6.5,0.0,64.5,6.6,1009.1,74.7
2023-11-02 12:00:00,7.5,0.0,63.5,8.6,1003.4,73.7
2023-11-02 18:00:00,6.9,0.0,79.7,7.7,1016.1,74.2
2023-11-03 00:00:00,4.8,0.0,69.2,10.9,1017.4,75.0
2023-11-03 06:00:00,5.0,1.0,76.6,10.5,1018.3,77.1
2023-11-03 12:00:00,5.5,0.0,61.5,7.1,1018.9,75.2
2023-11-03 18:00:00,4.9,0.0,83.2,3.6,1009.1,74.0
2023-11-04 00:00:00,8.0,0.2,74.9,12.0,1019.1,77.1
2023-11-04 06:00:00,11.8,1.7,72.1,9.7,1017.4,74.2
2023-11-04 12:00:00,3.4,0.0,68.5,7.0,1011.7,74.7
2023-11-04 18:00:00,1.0,0.0,73.7,9.6,1013.1,76.7
2023-11-05 00:00:00,4.6,0.9,75.1,8.2,1007.0,78.3
2023-11-05 06:00:00,12.6,0.0,70.9,12.0,1020.4,76.0
2023-11-05 12:00:00,2.5,0.0,70.1,2.2,1005.4,75.3
2023-11-05 18:00:00,9.8,0.0,72.8,6.8,1015.7,74.3
2023-11-06 00:00:00,9.7,0.0,61.3,12.8,1010.0,75.2
2023-11-06 06:00:00,3.0,0.0,68.1,9.7,1007.5,74.5
2023-11-06 12:00:00,6.3,0.0,61.8,13.3,1003.6,73.1
2023-11-06 18:00:00,9.5,0.0,73.0,4.3,1011.9,73.7
2023-11-07 00:00:00,3.3,0.0,66.6,11.2,1006.7,72.7
2023-11-07 06:00:00,3.8,0.0,62.1,11.0,1013.3,74.0
2023-11-07 12:00:00,2.6,0.0,66.0,3.0,1021.8,74.2
2023-11-07 18:00:00,1.3,0.1,70.9,7.1,1013.9,76.4
2023-11-08 00:00:00,2.2,0.0,69.0,7.7,1023.0,72.9
2023-11-08 06:00:00,0.5,0.0,64.1,3.1,1008.1,73.5
2023-11-08 12:00:00,4.3,0.0,61.5,7.2,1006.6,75.6
2023-11-08 18:00:00,1.8,0.0,70.4,10.6,1007.9,76.4
2023-11-09 00:00:00,4.6,0.0,67.1,6.8,1012.7,74.3
2023-11-09 06:00:00,-0.7,0.0,68.7,8.7,1026.6,73.2
2023-11-09 12:00:00,4.9,0.0,69.2,8.7,1004.7,72.8
2023-11-09 18:00:00,6.4,0.4,73.0,8.0,1015.5,71.2
2023-11-10 00:00:00,-2.3,0.0,74.2,5.9,1009.5,72.3
2023-11-10 06:00:00,4.8,0.4,71.4,10.0,1011.3,74.0
2023-11-10 12:00:00,7.4,0.0,68.4,3.2,1006.7,73.5
2023-11-10 18:00:00,0.1,0.0,70.1,8.0,1017.4,74.6
2023-11-11 00:00:00,8.5,0.0,68.3,12.2,1012.8,73.1
2023-11-11 06:00:00,4.7,0.0,61.8,6.7,1018.4,72.2
2023-11-11 12:00:00,1.3,0.0,75.5,5.8,1013.9,73.8
2023-11-11 18:00:00,3.3,1.2,76.8,10.2,1001.6,78.1
2023-11-12 00:00:00,4.9,0.0,79.9,8.5,1018.5,73.4
2023-11-12 06:00:00,3.4,0.0,81.4,10.2,1002.9,73.8
2023-11-12 12:00:00,4.8,1.5,67.0,8.1,1001.5,76.0
2023-11-12 18:00:00,0.5,0.0,68.3,0.8,1008.4,73.4
2023-11-13 00:00:00,3.5,0.0,82.6,11.5,1008.5,75.6
2023-11-13 06:00:00,-1.3,0.0,69.8,14.2,1020.0,71.1
2023-11-13 12:00:00,2.7,0.0,71.2,11.9,1012.1,72.7
2023-11-13 18:00:00,0.3,0.0,62.4,0.0,1019.2,72.7
2023-11-14 00:00:00,0.6,0.0,70.8,9.4,1010.2,73.2
2023-11-14 06:00:00,6.5,0.0,79.7,6.6,1014.6,69.9
2023-11-14 12:00:00,6.0,0.0,76.4,4.7,1015.4,74.9
2023-11-14 18:00:00,4.6,0.0,67.0,8.4,1016.5,73.4
2023-11-15 00:00:00,-0.7,0.0,68.0,7.6,1010.7,74.3
2023-11-15 06:00:00,1.6,0.0,64.3,9.5,1011.1,75.1
2023-11-15 12:00:00,6.2,0.0,65.7,8.2,1011.5,71.5
2023-11-15 18:00:00,3.0,0.0,60.4,4.6,1004.7,68.9
2023-11-16 00:00:00,9.3,0.0,69.6,6.3,1012.6,74.2
2023-11-16 06:00:00,3.5,0.0,77.6,5.8,1011.1,72.0
2023-11-16 12:00:00,2.9,0.0,71.8,2.9,1015.9,70.8
2023-11-16 18:00:00,1.4,0.0,76.8,3.9,1013.5,73.3
2023-11-17 00:00:00,2.5,0.0,75.4,7.4,1019.7,76.0
2023-11-17 06:00:00,1.6,0.0,67.3,12.3,1013.4,72.2
2023-11-17 12:00:00,4.2,0.0,66.2,6.4,1010.2,73.7
2023-11-17 18:00:00,5.0,0.0,66.4,5.7,1013.3,70.8
2023-11-18 00:00:00,-0.5,0.0,61.4,4.5,1016.6,69.7
2023-11-18 06:00:00,-2.1,0.0,70.2,8.1,1004.1,73.6
2023-11-18 12:00:00,-3.6,0.0,55.5,11.5,1009.4,73.0
2023-11-18 18:00:00,3.4,0.5,73.9,14.0,1008.8,71.9
2023-11-19 00:00:00,-1.7,0.0,70.4,8.9,1015.1,74.9
2023-11-19 06:00:00,-4.8,0.0,72.4,8.4,1015.6,69.6
2023-11-19 12:00:00,2.8,0.0,75.3,6.4,1013.5,70.4
2023-11-19 18:00:00,9.1,0.0,71.0,6.9,1000.6,71.3
2023-11-20 00:00:00,1.4,0.0,78.2,9.9,1004.7,71.5
2023-11-20 06:00:00,4.0,0.0,73.1,7.1,1011.8,74.2
2023-11-20 12:00:00,1.7,0.0,66.2,7.5,1010.5,72.0
2023-11-20 18:00:00,1.1,0.0,68.8,7.9,1013.0,71.7
2023-11-21 00:00:00,4.0,0.0,58.7,6.2,1010.7,69.9
2023-11-21 06:00:00,0.4,0.0,65.5,7.8,1020.7,73.4
2023-11-21 12:00:00,2.0,0.0,68.1,1.9,1001.5,70.1
2023-11-21 18:00:00,2.2,0.0,72.7,9.6,1014.5,69.9
2023-11-22 00:00:00,-1.0,0.0,66.2,15.1,1017.1,71.1
2023-11-22 06:00:00,4.0,0.0,63.8,6.3,1016.5,71.9
2023-11-22 12:00:00,0.5,0.0,60.6,9.1,1016.9,70.6
2023-11-22 18:00:00,-1.2,0.0,67.0,10.6,1017.7,72.7
2023-11-23 00:00:00,2.4,0.0,79.8,11.8,1010.0,71.1
2023-11-23 06:00:00,-1.9,0.0,71.4,7.2,1007.5,73.1
2023-11-23 12:00:00,0.9,0.0,74.7,2.6,1002.8,72.3
2023-11-23 18:00:00,0.8,1.2,67.9,8.8,1009.4,75.3
2023-11-24 00:00:00,3.9,0.0,62.1,8.4,1009.1,71.6
2023-11-24 06:00:00,2.0,0.0,63.9,7.0,1018.8,73.3
2023-11-24 12:00:00,0.5,0.0,69.5,7.6,1011.6,69.1
2023-11-24 18:00:00,3.1,0.0,60.0,8.4,1007.8,76.0
2023-11-25 00:00:00,4.6,0.0,65.0,9.1,1007.1,72.7
2023-11-25 06:00:00,2.1,0.0,67.1,9.0,1022.9,71.0
2023-11-25 12:00:00,0.4,0.0,63.4,7.3,1012.9,71.0
2023-11-25 18:00:00,-3.5,0.0,59.4,9.2,1009.1,71.0
2023-11-26 00:00:00,-3.0,0.0,71.4,7.1,1013.6,74.0
2023-11-26 06:00:00,-0.7,0.0,70.2,9.9,1022.5,72.6
2023-11-26 12:00:00,-1.6,0.0,73.9,6.1,1011.1,70.6
2023-11-26 18:00:00,-0.3,0.0,64.4,8.2,1016.4,69.4
2023-11-27 00:00:00,0.2,0.0,73.8,3.1,1018.9,72.9
2023-11-27 06:00:00,1.6,0.0,77.6,6.9,1003.5,72.4
2023-11-27 12:00:00,-0.2,0.0,71.3,9.7,1009.8,72.2
2023-11-27 18:00:00,1.5,0.0,67.0,4.9,1018.3,71.0
2023-11-28 00:00:00,0.0,0.0,70.7,7.0,1009.5,70.6
2023-11-28 06:00:00,-6.1,0.7,68.2,0.8,1014.0,74.3
2023-11-28 12:00:00,-3.0,0.0,65.9,3.9,1009.2,74.2
2023-11-28 18:00:00,-0.6,0.0,73.4,4.7,1010.8,72.3
2023-11-29 00:00:00,-4.0,0.0,69.3,8.3,1010.2,72.6
2023-11-29 06:00:00,1.4,0.0,76.0,9.0,1016.2,71.5
2023-11-29 12:00:00,4.2,0.0,67.8,7.8,1014.0,69.0
2023-11-29 18:00:00,3.3,0.0,68.3,6.9,1013.5,69.6
2023-11-30 00:00:00,-1.2,0.0,67.2,6.9,1025.5,72.6
2023-11-30 06:00:00,3.9,0.0,64.4,10.1,1021.7,72.8
2023-11-30 12:00:00,-0.1,0.0,74.1,8.6,1003.1,72.5
2023-11-30 18:00:00,-1.5,0.0,80.9,7.0,1010.8,71.4
2023-12-01 00:00:00,-2.6,0.0,68.1,15.9,1030.1,72.4
2023-12-01 06:00:00,-1.6,1.4,69.3,17.8,1013.1,71.9
2023-12-01 12:00:00,-1.9,0.0,66.3,8.3,1028.4,72.6
2023-12-01 18:00:00,-0.2,0.0,66.6,13.6,1015.9,71.1
2023-12-02 00:00:00,-0.4,0.0,78.2,21.3,1016.8,69.5
2023-12-02 06:00:00,-0.9,0.0,66.4,12.8,1022.3,72.3
2023-12-02 12:00:00,0.4,0.2,67.6,12.3,1017.2,73.0
2023-12-02 18:00:00,2.7,2.2,68.2,11.8,1017.1,76.7
2023-12-03 00:00:00,1.8,0.0,71.5,13.5,1025.9,72.6
2023-12-03 06:00:00,-5.5,0.0,69.7,14.3,1021.8,70.2
2023-12-03 12:00:00,-8.7,0.0,64.3,8.3,1018.7,70.9
2023-12-03 18:00:00,1.7,0.3,66.1,11.9,1025.9,71.2
2023-12-04 00:00:00,-5.3,0.1,77.9,5.2,1022.2,71.5
2023-12-04 06:00:00,-1.9,0.0,70.2,11.4,1014.3,71.7
2023-12-04 12:00:00,-4.8,0.0,70.5,9.3,1027.9,71.4
2023-12-04 18:00:00,-6.7,0.0,70.5,13.0,1021.2,72.0
2023-12-05 00:00:00,0.2,0.0,77.0,7.0,1016.9,70.9
2023-12-05 06:00:00,0.9,0.0,64.8,10.5,1007.9,67.3
2023-12-05 12:00:00,-3.1,0.0,68.0,14.9,1011.1,70.9
2023-12-05 18:00:00,-9.2,0.0,69.2,10.0,1026.5,70.7
2023-12-06 00:00:00,-3.2,0.0,61.4,6.3,1026.7,71.3
2023-12-06 06:00:00,-0.4,0.0,65.4,12.8,1018.4,69.9
2023-12-06 12:00:00,-6.0,0.0,75.2,10.2,1009.1,70.8
2023-12-06 18:00:00,-1.0,0.0,73.8,11.4,1012.6,71.3
2023-12-07 00:00:00,-1.8,0.0,74.7,9.8,1009.9,70.1
2023-12-07 06:00:00,-0.0,0.0,67.1,17.9,1009.7,71.4
2023-12-07 12:00:00,-1.4,0.0,67.7,7.3,1028.1,70.5
2023-12-07 18:00:00,-4.7,0.0,61.1,20.5,1028.3,70.6
2023-12-08 00:00:00,1.7,0.0,74.7,10.8,1012.4,65.9
2023-12-08 06:00:00,-2.4,0.0,75.5,12.6,1018.0,68.6
2023-12-08 12:00:00,-2.0,0.0,75.4,10.3,1011.6,68.6
2023-12-08 18:00:00,-4.7,0.0,78.0,10.2,1017.9,70.6
2023-12-09 00:00:00,-3.4,0.1,72.4,9.6,1026.0,72.3
2023-12-09 06:00:00,-4.7,0.0,77.8,13.8,1023.4,70.2
2023-12-09 12:00:00,-2.6,0.0,69.0,7.8,1022.0,71.6
2023-12-09 18:00:00,3.1,0.0,61.2,13.1,1017.0,71.3
2023-12-10 00:00:00,-6.3,0.0,74.3,5.4,1024.3,70.5
2023-12-10 06:00:00,-7.1,0.0,61.0,12.8,1021.2,71.1
2023-12-10 12:00:00,2.2,0.4,71.6,14.5,1019.4,71.0
2023-12-10 18:00:00,-2.8,0.0,74.8,8.2,1017.4,70.3
2023-12-11 00:00:00,-4.4,0.0,71.6,14.0,1019.6,70.9
2023-12-11 06:00:00,0.8,0.0,81.4,12.2,1019.4,72.5
2023-12-11 12:00:00,-4.2,0.0,60.2,16.8,1015.3,71.0
2023-12-11 18:00:00,3.1,0.0,69.6,9.4,1014.1,70.6
2023-12-12 00:00:00,-0.5,0.0,70.1,20.4,1013.0,68.9
2023-12-12 06:00:00,-4.0,0.0,63.3,4.8,1013.3,72.3
2023-12-12 12:00:00,4.0,0.0,64.2,11.0,1017.1,68.0
2023-12-12 18:00:00,-4.3,0.0,65.8,6.9,1016.2,67.6
2023-12-13 00:00:00,-0.4,0.0,64.5,17.6,1014.9,70.7
2023-12-13 06:00:00,-1.7,0.4,70.2,11.2,1014.0,69.1
2023-12-13 12:00:00,1.3,0.0,67.0,11.5,1019.5,72.0
2023-12-13 18:00:00,2.0,0.0,71.6,13.3,1024.9,67.7
2023-12-14 00:00:00,-2.7,0.3,73.9,12.0,1017.5,71.9
2023-12-14 06:00:00,-5.0,0.0,72.9,10.2,1017.6,71.6
2023-12-14 12:00:00,-1.4,0.0,67.9,8.2,1013.3,70.5
2023-12-14 18:00:00,-4.8,0.0,71.4,12.5,1016.9,67.1
2023-12-15 00:00:00,3.1,0.0,75.2,13.1,1024.0,67.6
2023-12-15 06:00:00,-2.5,0.0,72.2,14.1,1023.2,70.5
2023-12-15 12:00:00,-4.0,0.0,79.3,17.7,1022.8,69.7
2023-12-15 18:00:00,-2.4,0.0,74.9,5.5,1022.7,71.2
2023-12-16 00:00:00,-7.1,0.0,78.6,11.8,1020.2,70.0
2023-12-16 06:00:00,-6.0,0.0,57.5,15.6,1020.0,69.8
2023-12-16 12:00:00,0.6,0.0,70.5,11.6,1019.2,66.4
2023-12-16 18:00:00,-5.0,0.0,68.4,5.0,1015.9,71.3
2023-12-17 00:00:00,-6.3,0.0,69.4,8.1,1018.4,69.0
2023-12-17 06:00:00,-1.6,0.0,66.0,13.0,1019.1,69.4
2023-12-17 12:00:00,0.4,0.0,72.0,12.9,1021.2,68.4
2023-12-17 18:00:00,-1.0,0.0,61.0,14.0,1018.5,67.7
2023-12-18 00:00:00,-0.3,0.0,72.0,9.7,1028.5,72.2
2023-12-18 06:00:00,-5.6,0.0,66.1,12.8,1012.0,71.2
2023-12-18 12:00:00,-7.6,0.0,67.5,9.2,1021.8,71.2
2023-12-18 18:00:00,1.2,0.0,72.2,12.8,1017.8,69.7
2023-12-19 00:00:00,-4.4,0.0,70.4,12.2,1018.0,67.4
2023-12-19 06:00:00,-4.2,0.0,75.3,9.5,1013.9,73.2
2023-12-19 12:00:00,0.6,0.0,65.2,16.7,1023.1,70.6
2023-12-19 18:00:00,-1.7,0.0,69.6,6.9,1021.3,70.2
2023-12-20 00:00:00,-2.2,0.0,74.4,11.6,1022.2,69.5
2023-12-20 06:00:00,3.0,0.0,71.8,9.5,1018.8,66.9
2023-12-20 12:00:00,-5.5,0.0,72.1,17.5,1016.4,71.7
2023-12-20 18:00:00,-0.7,0.0,75.5,13.8,1017.7,68.4
2023-12-21 00:00:00,-3.5,0.0,68.0,10.1,1020.2,70.8
2023-12-21 06:00:00,-2.8,0.0,66.9,11.2,1008.0,71.2
2023-12-21 12:00:00,1.0,0.0,72.9,17.6,1022.4,70.5
2023-12-21 18:00:00,-2.1,0.0,69.3,9.2,1030.1,70.7
2023-12-22 00:00:00,-2.1,0.0,75.6,6.7,1020.4,72.0
2023-12-22 06:00:00,-0.5,0.0,71.8,12.9,1016.6,68.8
2023-12-22 12:00:00,-4.8,0.0,66.9,12.9,1017.2,70.3
2023-12-22 18:00:00,-6.3,0.0,71.7,14.0,1021.5,69.7
2023-12-23 00:00:00,-7.0,0.0,65.5,14.0,1016.7,67.3
2023-12-23 06:00:00,-9.7,0.0,74.7,17.3,1022.3,70.5
2023-12-23 12:00:00,2.3,0.0,63.0,6.8,1017.1,71.9
2023-12-23 18:00:00,-7.1,0.0,76.1,8.4,1026.6,72.1
2023-12-24 00:00:00,-4.6,0.0,71.6,14.0,1026.4,72.8
2023-12-24 06:00:00,-4.8,0.0,69.2,8.7,1016.3,67.4
2023-12-24 12:00:00,-3.0,0.0,73.8,7.6,1017.6,72.5
2023-12-24 18:00:00,-1.5,0.0,72.6,17.6,1017.9,70.3
2023-12-25 00:00:00,-1.4,0.0,76.7,7.1,1018.0,72.5
2023-12-25 06:00:00,-5.8,0.0,76.6,10.9,1013.3,69.5
2023-12-25 12:00:00,-4.5,0.0,71.8,11.8,1012.6,69.3
2023-12-25 18:00:00,-3.2,0.0,65.6,15.9,1024.2,68.2
2023-12-26 00:00:00,-4.9,0.0,67.3,6.4,1023.4,71.3
2023-12-26 06:00:00,0.7,0.0,69.6,13.2,1023.4,70.9
2023-12-26 12:00:00,-2.6,0.0,75.4,9.3,1017.7,68.4
2023-12-26 18:00:00,-1.9,0.0,67.7,13.9,1027.5,66.8
2023-12-27 00:00:00,-2.2,0.5,69.1,9.3,1017.2,71.2
2023-12-27 06:00:00,-0.7,0.0,79.2,16.7,1022.3,71.2
2023-12-27 12:00:00,-3.7,0.0,69.5,9.3,1011.1,68.9
2023-12-27 18:00:00,-8.1,0.0,66.8,4.6,1016.9,68.5
2023-12-28 00:00:00,-3.1,0.0,73.9,9.6,1017.2,71.2
2023-12-28 06:00:00,-6.2,0.0,69.7,11.2,1017.7,73.0
2023-12-28 12:00:00,-5.9,0.0,63.1,15.2,1011.4,69.5
2023-12-28 18:00:00,-2.5,0.0,75.2,8.2,1021.5,68.9
2023-12-29 00:00:00,-0.6,0.0,66.3,8.3,1023.1,70.7
2023-12-29 06:00:00,-4.3,0.0,70.2,14.9,1014.3,71.2
2023-12-29 12:00:00,-3.4,1.2,72.1,7.9,1010.4,70.8
2023-12-29 18:00:00,0.7,0.0,71.2,11.5,1014.2,74.0
2023-12-30 00:00:00,-3.7,0.0,59.0,11.5,1020.5,72.1
2023-12-30 06:00:00,3.4,0.0,68.3,12.7,1015.0,70.0
2023-12-30 12:00:00,-2.7,0.0,75.6,9.8,1017.3,68.1
2023-12-30 18:00:00,-9.7,0.0,76.3,9.2,1012.6,72.4
2023-12-31 00:00:00,-2.2,0.0,65.0,13.0,1027.9,72.2
2023-12-31 06:00:00,-3.4,0.0,74.6,9.3,1018.4,69.9
2023-12-31 12:00:00,-0.6,0.0,66.2,7.9,1023.7,70.9
2023-12-31 18:00:00,-2.5,0.0,68.1,15.7,1020.5,70.1
